Handle,Title,Body (HTML)
mw-tmw-3by1-10,Mens Tuxedo,"<p>Suave, sustainable, and ready to steal the spotlight. This Tommy Hilfiger tuxedo is your ticket to looking sharp without the fuss. Crafted from a breathable wool blend with a hint of stretch, it's as comfortable as it is stylish. The jacket rocks a satin notch lapel and classic two-button closure, while the pants keep things smooth with a flat front and satin side stripes for that iconic tux vibe. Modern Fit means tailored without the squeeze, so you can move, groove, and own every moment. Black-tie gala? Wedding dance floor? That ""I clean up nice"" occasion? This tux has your back.</p>
<p><strong>Material:</strong> 52% Wool, 45% Recycled Polyester, 3% Spandex</p>
<p><strong>Available sizes:</strong> 36, 38, 39, 40, 41, 42, 43, 44, 46, 48, 50, 52, 54, 56, 58, 36 Short, 36 Regular, 38 Short, 38 Regular, 38 Long, 39 Short, 39 Regular, 39 Long, 40 Short, 40 Regular, 40 Long, 41 Short, 41 Regular, 41 Long, 42 Short, 42 Regular, 42 Long, 43 Regular, 43 Long, 44 Short, 44 Regular, 44 Long, 46 Regular, 46 Long, 48 Regular, 48 Long, 50 Regular, 50 Long, 52 Regular, 54 Regular, 56 Regular, 58 Regular</p>
<div class=""primestyle-size-guide""><h3>Size Chart</h3><p>Reference for Suits, 2-Piece Suits, Suit Separate Jackets, Suit Separate Vests, Tuxedos, 3-Piece Suits, Blazers, Dinner Jackets, and Sport Coats.</p><h4>Jacket Size</h4><table><thead><tr><th>Size</th><th>EU</th><th>Chest (in)</th><th>Chest (cm)</th></tr></thead><tbody><tr><td>34</td><td>44</td><td>34</td><td>86</td></tr><tr><td>36</td><td>46</td><td>36</td><td>91</td></tr><tr><td>38</td><td>48</td><td>38</td><td>97</td></tr><tr><td>40</td><td>50</td><td>40</td><td>102</td></tr><tr><td>42</td><td>52</td><td>42</td><td>107</td></tr><tr><td>44</td><td>54</td><td>44</td><td>112</td></tr><tr><td>46</td><td>56</td><td>46</td><td>117</td></tr><tr><td>48</td><td>58</td><td>48</td><td>122</td></tr><tr><td>50</td><td>60</td><td>50</td><td>127</td></tr><tr><td>52</td><td>62</td><td>52</td><td>132</td></tr><tr><td>54</td><td>64</td><td>54</td><td>137</td></tr><tr><td>56</td><td>66</td><td>56</td><td>142</td></tr><tr><td>58</td><td>68</td><td>58</td><td>147</td></tr><tr><td>60</td><td>70</td><td>60</td><td>152</td></tr></tbody></table><h4>Jacket Length</h4><table><thead><tr><th>Size</th><th>Height</th><th>Height (cm)</th></tr></thead><tbody><tr><td>Short</td><td>5&#39;6&quot;-5&#39;8&quot; tall</td><td>170-178</td></tr><tr><td>Regular</td><td>5&#39;8&quot;-6&#39;1&quot; tall</td><td>178-185</td></tr><tr><td>Long</td><td>6&#39;0&quot;-6&#39;3&quot; tall</td><td>183-193</td></tr><tr><td>X Tall</td><td>6&#39;4&quot;-6&#39;6&quot; tall</td><td>195.5-201</td></tr></tbody></table><h4>Suit Pants</h4><table><thead><tr><th>Size</th><th>Waist (in)</th><th>Waist (cm)</th></tr></thead><tbody><tr><td>30</td><td>30</td><td>76</td></tr><tr><td>31</td><td>31</td><td>79</td></tr><tr><td>32</td><td>32</td><td>81</td></tr><tr><td>33</td><td>33</td><td>84</td></tr><tr><td>34</td><td>34</td><td>86</td></tr><tr><td>35</td><td>35</td><td>89</td></tr><tr><td>36</td><td>36</td><td>91</td></tr><tr><td>38</td><td>38</td><td>97</td></tr><tr><td>40</td><td>40</td><td>102</td></tr><tr><td>42</td><td>42</td><td>107</td></tr><tr><td>44</td><td>44</td><td>112</td></tr><tr><td>46</td><td>46</td><td>117</td></tr><tr><td>48</td><td>48</td><td>122</td></tr><tr><td>50</td><td>50</td><td>127</td></tr><tr><td>52</td><td>52</td><td>132</td></tr><tr><td>54</td><td>54</td><td>137</td></tr></tbody></table><h4>Pant Length</h4><table><thead><tr><th>Inseam (in)</th></tr></thead><tbody><tr><td>29</td></tr><tr><td>30</td></tr><tr><td>32</td></tr><tr><td>34</td></tr></tbody></table><h4>Vest Size — Regular</h4><table><thead><tr><th>Size</th><th>Chest (in)</th></tr></thead><tbody><tr><td>XXS</td><td>34R</td></tr><tr><td>XS</td><td>36R</td></tr><tr><td>S</td><td>38R</td></tr><tr><td>M</td><td>40R</td></tr><tr><td>L</td><td>42R</td></tr><tr><td>XL</td><td>44R</td></tr><tr><td>XXL</td><td>46R</td></tr></tbody></table><h4>Vest Size — Big &amp; Tall</h4><table><thead><tr><th>Size</th><th>Chest (in)</th></tr></thead><tbody><tr><td>LT</td><td>46L</td></tr><tr><td>XLT</td><td>48L</td></tr><tr><td>2XLT</td><td>50L</td></tr><tr><td>3XLT</td><td>52L</td></tr><tr><td>4XLT</td><td>54L</td></tr><tr><td>5XLT</td><td>56L</td></tr><tr><td>6XLT</td><td>58L</td></tr></tbody></table><h4>Vest Size — Big</h4><table><thead><tr><th>Size</th><th>Chest (in)</th></tr></thead><tbody><tr><td>1X</td><td>48R</td></tr><tr><td>2X</td><td>50R</td></tr><tr><td>3X</td><td>52R</td></tr><tr><td>4X</td><td>54R</td></tr><tr><td>5X</td><td>56R</td></tr><tr><td>6X</td><td>58R</td></tr></tbody></table></div>
<div class=""primestyle-measure-guide"">
<h3>How to measure</h3>
<ul>
<li>Chest: Wrap the tape measure around your torso. Go underneath your arms, across your shoulder blades, and over the largest part of your chest. The chest measurement is usually the size of the coat. For a more relaxed fit, add 1 inch to the total measurement.</li>
<li>Over Arm: If your over arm measurement is more than 7 inches larger than your chest measurement, the over arm measurement trumps the chest measurement. In this case, your suit size needs to match your over arm measurement.</li>
<li>Waist: Measure around your natural waistline, keeping the tape snug but not tight. This is typically just above the navel.</li>
<li>Hips: Measure around the fullest part of your hips, keeping the tape parallel to the floor.</li>
<li>Inseam: Measure from the inside of your thigh (crotch seam) down to the bottom of your ankle bone.</li>
</ul>
</div>"
