Handle,Title,Option1 Name,Option1 Value,Option2 Name,Option2 Value,Option3 Name,Option3 Value,SKU,Location,Bin name,Incoming (not editable),Unavailable (not editable),Committed (not editable),Available (not editable),On hand (current),On hand (new)
low-rise-pintuck-capri-jeans,Low Rise Pintuck Capri Jeans,Color,Black Wash,Size,0,,,PSAI-PINTUCK-CAPRI-0-BLACK-WASH-0,28171 Westfield drive,,,,,,,999
low-rise-pintuck-capri-jeans,,Color,Black Wash,Size,1,,,PSAI-PINTUCK-CAPRI-1-BLACK-WASH-1,28171 Westfield drive,,,,,,,999
low-rise-pintuck-capri-jeans,,Color,Black Wash,Size,3,,,PSAI-PINTUCK-CAPRI-3-BLACK-WASH-3,28171 Westfield drive,,,,,,,999
low-rise-pintuck-capri-jeans,,Color,Black Wash,Size,5,,,PSAI-PINTUCK-CAPRI-5-BLACK-WASH-5,28171 Westfield drive,,,,,,,999
low-rise-pintuck-capri-jeans,,Color,Black Wash,Size,7,,,PSAI-PINTUCK-CAPRI-7-BLACK-WASH-7,28171 Westfield drive,,,,,,,999
low-rise-pintuck-capri-jeans,,Color,Black Wash,Size,9,,,PSAI-PINTUCK-CAPRI-9-BLACK-WASH-9,28171 Westfield drive,,,,,,,999
low-rise-pintuck-capri-jeans,,Color,Black Wash,Size,11,,,PSAI-PINTUCK-CAPRI-11-BLACK-WASH-11,28171 Westfield drive,,,,,,,999
low-rise-pintuck-capri-jeans,,Color,Black Wash,Size,13,,,PSAI-PINTUCK-CAPRI-13-BLACK-WASH-13,28171 Westfield drive,,,,,,,999
low-rise-pintuck-capri-jeans,,Color,Black Wash,Size,15,,,PSAI-PINTUCK-CAPRI-15-BLACK-WASH-15,28171 Westfield drive,,,,,,,999
mid-rise-floral-zip-ankle-jeans,Mid Rise Floral Zip Ankle Jeans,Color,Ivory Floral,Size,23,,,PSAI-FLORAL-ZIP-ANKLE-23-IVORY-FLORAL-23,28171 Westfield drive,,,,,,,999
mid-rise-floral-zip-ankle-jeans,,Color,Ivory Floral,Size,24,,,PSAI-FLORAL-ZIP-ANKLE-24-IVORY-FLORAL-24,28171 Westfield drive,,,,,,,999
mid-rise-floral-zip-ankle-jeans,,Color,Ivory Floral,Size,25,,,PSAI-FLORAL-ZIP-ANKLE-25-IVORY-FLORAL-25,28171 Westfield drive,,,,,,,999
mid-rise-floral-zip-ankle-jeans,,Color,Ivory Floral,Size,26,,,PSAI-FLORAL-ZIP-ANKLE-26-IVORY-FLORAL-26,28171 Westfield drive,,,,,,,999
mid-rise-floral-zip-ankle-jeans,,Color,Ivory Floral,Size,27,,,PSAI-FLORAL-ZIP-ANKLE-27-IVORY-FLORAL-27,28171 Westfield drive,,,,,,,999
mid-rise-floral-zip-ankle-jeans,,Color,Ivory Floral,Size,28,,,PSAI-FLORAL-ZIP-ANKLE-28-IVORY-FLORAL-28,28171 Westfield drive,,,,,,,999
mid-rise-floral-zip-ankle-jeans,,Color,Ivory Floral,Size,29,,,PSAI-FLORAL-ZIP-ANKLE-29-IVORY-FLORAL-29,28171 Westfield drive,,,,,,,999
mid-rise-floral-zip-ankle-jeans,,Color,Ivory Floral,Size,30,,,PSAI-FLORAL-ZIP-ANKLE-30-IVORY-FLORAL-30,28171 Westfield drive,,,,,,,999
mid-rise-floral-zip-ankle-jeans,,Color,Ivory Floral,Size,31,,,PSAI-FLORAL-ZIP-ANKLE-31-IVORY-FLORAL-31,28171 Westfield drive,,,,,,,999
mid-rise-floral-zip-ankle-jeans,,Color,Ivory Floral,Size,32,,,PSAI-FLORAL-ZIP-ANKLE-32-IVORY-FLORAL-32,28171 Westfield drive,,,,,,,999
mid-rise-floral-zip-ankle-jeans,,Color,Ivory Floral,Size,33,,,PSAI-FLORAL-ZIP-ANKLE-33-IVORY-FLORAL-33,28171 Westfield drive,,,,,,,999
mid-rise-floral-zip-ankle-jeans,,Color,Ivory Floral,Size,34,,,PSAI-FLORAL-ZIP-ANKLE-34-IVORY-FLORAL-34,28171 Westfield drive,,,,,,,999
womens-stretch-flare-jeans-layover,Women's Stretch Flare Jeans,Color,Medium Blue,Size,23,,,1585-1008-LYR-23-MEDIUM-BLUE-23,28171 Westfield drive,,,,,,,999
womens-stretch-flare-jeans-layover,,Color,Medium Blue,Size,24,,,1585-1008-LYR-24-MEDIUM-BLUE-24,28171 Westfield drive,,,,,,,999
womens-stretch-flare-jeans-layover,,Color,Medium Blue,Size,25,,,1585-1008-LYR-25-MEDIUM-BLUE-25,28171 Westfield drive,,,,,,,999
womens-stretch-flare-jeans-layover,,Color,Medium Blue,Size,26,,,1585-1008-LYR-26-MEDIUM-BLUE-26,28171 Westfield drive,,,,,,,999
womens-stretch-flare-jeans-layover,,Color,Medium Blue,Size,27,,,1585-1008-LYR-27-MEDIUM-BLUE-27,28171 Westfield drive,,,,,,,999
womens-stretch-flare-jeans-layover,,Color,Medium Blue,Size,28,,,1585-1008-LYR-28-MEDIUM-BLUE-28,28171 Westfield drive,,,,,,,999
womens-stretch-flare-jeans-layover,,Color,Medium Blue,Size,29,,,1585-1008-LYR-29-MEDIUM-BLUE-29,28171 Westfield drive,,,,,,,999
womens-stretch-flare-jeans-layover,,Color,Medium Blue,Size,30,,,1585-1008-LYR-30-MEDIUM-BLUE-30,28171 Westfield drive,,,,,,,999
womens-stretch-flare-jeans-layover,,Color,Medium Blue,Size,31,,,1585-1008-LYR-31-MEDIUM-BLUE-31,28171 Westfield drive,,,,,,,999
womens-stretch-flare-jeans-layover,,Color,Medium Blue,Size,32,,,1585-1008-LYR-32-MEDIUM-BLUE-32,28171 Westfield drive,,,,,,,999
womens-stretch-flare-jeans-layover,,Color,Medium Blue,Size,33,,,1585-1008-LYR-33-MEDIUM-BLUE-33,28171 Westfield drive,,,,,,,999
womens-stretch-flare-jeans-layover,,Color,Medium Blue,Size,34,,,1585-1008-LYR-34-MEDIUM-BLUE-34,28171 Westfield drive,,,,,,,999
flat-leather-criss-cross-sandals,Flat Leather Criss-Cross Sandals,Color,Mustard,Size,35,,,504614062-MUSTARD-35,28171 Westfield drive,,,,,,,999
flat-leather-criss-cross-sandals,,Color,Mustard,Size,36,,,504614063-MUSTARD-36,28171 Westfield drive,,,,,,,999
flat-leather-criss-cross-sandals,,Color,Mustard,Size,37,,,504614068-MUSTARD-37,28171 Westfield drive,,,,,,,999
flat-leather-criss-cross-sandals,,Color,Mustard,Size,38,,,504614069-MUSTARD-38,28171 Westfield drive,,,,,,,999
flat-leather-criss-cross-sandals,,Color,Mustard,Size,39,,,504614066-MUSTARD-39,28171 Westfield drive,,,,,,,999
flat-leather-criss-cross-sandals,,Color,Mustard,Size,40,,,504614067-MUSTARD-40,28171 Westfield drive,,,,,,,999
flat-leather-criss-cross-sandals,,Color,Mustard,Size,41,,,504614064-MUSTARD-41,28171 Westfield drive,,,,,,,999
flat-leather-criss-cross-sandals,,Color,Mustard,Size,42,,,504614074-MUSTARD-42,28171 Westfield drive,,,,,,,999
floral-print-linen-blend-trousers,Floral Print Linen Blend Trousers,Color,Multicoloured,Size,XS,,,539579244-MULTICOLOURED-XS,28171 Westfield drive,,,,,,,999
floral-print-linen-blend-trousers,,Color,Multicoloured,Size,S,,,539579245-MULTICOLOURED-S,28171 Westfield drive,,,,,,,999
floral-print-linen-blend-trousers,,Color,Multicoloured,Size,M,,,539579246-MULTICOLOURED-M,28171 Westfield drive,,,,,,,999
floral-print-linen-blend-trousers,,Color,Multicoloured,Size,L,,,539579242-MULTICOLOURED-L,28171 Westfield drive,,,,,,,999
floral-print-linen-blend-trousers,,Color,Multicoloured,Size,XL,,,539579243-MULTICOLOURED-XL,28171 Westfield drive,,,,,,,999
floral-linen-blend-shirt,Floral Linen Blend Shirt,Color,Multicoloured,Size,XS,,,541444692-MULTICOLOURED-XS,28171 Westfield drive,,,,,,,999
floral-linen-blend-shirt,,Color,Multicoloured,Size,S,,,541444693-MULTICOLOURED-S,28171 Westfield drive,,,,,,,999
floral-linen-blend-shirt,,Color,Multicoloured,Size,M,,,541444694-MULTICOLOURED-M,28171 Westfield drive,,,,,,,999
floral-linen-blend-shirt,,Color,Multicoloured,Size,L,,,541444690-MULTICOLOURED-L,28171 Westfield drive,,,,,,,999
floral-linen-blend-shirt,,Color,Multicoloured,Size,XL,,,541444691-MULTICOLOURED-XL,28171 Westfield drive,,,,,,,999
mens-utility-backpack,Men's Utility Backpack,Color,Black,Size,One Size,,,FERRAGAMO-UTILITY-BACKPACK-HUG-BUCKLE-786279-ONE-SIZE-BLACK-ONE-SIZE,28171 Westfield drive,,,,,,,999
smart-sport-sunglasses,Smart Sport Sunglasses,Color,Black / Prizm Road,Size,One Size,,,SUNGLASSHUT-OAKLEY-META-VANGUARD-PRIZM-BLACK-888392690401-888392690418-BLACK-PRIZM-ROAD-ONE-SIZE,28171 Westfield drive,,,,,,,999
smart-sport-sunglasses,,Color,Black / Prizm 24K,Size,One Size,,,SUNGLASSHUT-OAKLEY-META-VANGUARD-PRIZM-BLACK-888392690401-888392690371-BLACK-PRIZM-24K-ONE-SIZE,28171 Westfield drive,,,,,,,999
smart-sport-sunglasses,,Color,White / Prizm Black,Size,One Size,,,SUNGLASSHUT-OAKLEY-META-VANGUARD-PRIZM-BLACK-888392690401-888392690388-WHITE-PRIZM-BLACK-ONE-SIZE,28171 Westfield drive,,,,,,,999
smart-sport-sunglasses,,Color,White / Prizm Sapphire,Size,One Size,,,SUNGLASSHUT-OAKLEY-META-VANGUARD-PRIZM-BLACK-888392690401-888392690395-WHITE-PRIZM-SAPPHIRE-ONE-SIZE,28171 Westfield drive,,,,,,,999
smart-sport-sunglasses,,Color,Black / Prizm Black,Size,One Size,,,SUNGLASSHUT-OAKLEY-META-VANGUARD-PRIZM-BLACK-888392690401-888392690401-BLACK-PRIZM-BLACK-ONE-SIZE,28171 Westfield drive,,,,,,,999
smart-sport-sunglasses,,Color,White / Prizm Rose Gold,Size,One Size,,,SUNGLASSHUT-OAKLEY-META-VANGUARD-PRIZM-BLACK-888392690401-888392697677-WHITE-PRIZM-ROSE-GOLD-ONE-SIZE,28171 Westfield drive,,,,,,,999
smart-sport-sunglasses,,Color,Black / Prizm Transitions Ember,Size,One Size,,,SUNGLASSHUT-OAKLEY-META-VANGUARD-PRIZM-BLACK-888392690401-888392697653-BLACK-PRIZM-TRANSITIONS-EMBER-ONE-SIZE,28171 Westfield drive,,,,,,,999
nike-pegasus-42-womens-road-running-shoes-ib1881-602,Women's Running Shoes,Color,Lava Glow/Flash Crimson/Light Magenta/Black,Size,W 5 / M 3.5,,,NIKE-PEGASUS-42-WOMENS-ROAD-RUNNING-SHOES-IB1881-602-5-LAVA-GLOW-FLASH-CRIMSON-LIGHT-MAGENTA-BLACK-W-5-M-3-5,28171 Westfield drive,,,,,,,999
nike-pegasus-42-womens-road-running-shoes-ib1881-602,,Color,Lava Glow/Flash Crimson/Light Magenta/Black,Size,W 5.5 / M 4,,,NIKE-PEGASUS-42-WOMENS-ROAD-RUNNING-SHOES-IB1881-602-5-5-LAVA-GLOW-FLASH-CRIMSON-LIGHT-MAGENTA-BLACK-W-5-5-M-4,28171 Westfield drive,,,,,,,999
nike-pegasus-42-womens-road-running-shoes-ib1881-602,,Color,Lava Glow/Flash Crimson/Light Magenta/Black,Size,W 6 / M 4.5,,,NIKE-PEGASUS-42-WOMENS-ROAD-RUNNING-SHOES-IB1881-602-6-LAVA-GLOW-FLASH-CRIMSON-LIGHT-MAGENTA-BLACK-W-6-M-4-5,28171 Westfield drive,,,,,,,999
nike-pegasus-42-womens-road-running-shoes-ib1881-602,,Color,Lava Glow/Flash Crimson/Light Magenta/Black,Size,W 6.5 / M 5,,,NIKE-PEGASUS-42-WOMENS-ROAD-RUNNING-SHOES-IB1881-602-6-5-LAVA-GLOW-FLASH-CRIMSON-LIGHT-MAGENTA-BLACK-W-6-5-M-5,28171 Westfield drive,,,,,,,999
nike-pegasus-42-womens-road-running-shoes-ib1881-602,,Color,Lava Glow/Flash Crimson/Light Magenta/Black,Size,W 7 / M 5.5,,,NIKE-PEGASUS-42-WOMENS-ROAD-RUNNING-SHOES-IB1881-602-7-LAVA-GLOW-FLASH-CRIMSON-LIGHT-MAGENTA-BLACK-W-7-M-5-5,28171 Westfield drive,,,,,,,999
nike-pegasus-42-womens-road-running-shoes-ib1881-602,,Color,Lava Glow/Flash Crimson/Light Magenta/Black,Size,W 7.5 / M 6,,,NIKE-PEGASUS-42-WOMENS-ROAD-RUNNING-SHOES-IB1881-602-7-5-LAVA-GLOW-FLASH-CRIMSON-LIGHT-MAGENTA-BLACK-W-7-5-M-6,28171 Westfield drive,,,,,,,999
nike-pegasus-42-womens-road-running-shoes-ib1881-602,,Color,Lava Glow/Flash Crimson/Light Magenta/Black,Size,W 8 / M 6.5,,,NIKE-PEGASUS-42-WOMENS-ROAD-RUNNING-SHOES-IB1881-602-8-LAVA-GLOW-FLASH-CRIMSON-LIGHT-MAGENTA-BLACK-W-8-M-6-5,28171 Westfield drive,,,,,,,999
nike-pegasus-42-womens-road-running-shoes-ib1881-602,,Color,Lava Glow/Flash Crimson/Light Magenta/Black,Size,W 8.5 / M 7,,,NIKE-PEGASUS-42-WOMENS-ROAD-RUNNING-SHOES-IB1881-602-8-5-LAVA-GLOW-FLASH-CRIMSON-LIGHT-MAGENTA-BLACK-W-8-5-M-7,28171 Westfield drive,,,,,,,999
nike-pegasus-42-womens-road-running-shoes-ib1881-602,,Color,Lava Glow/Flash Crimson/Light Magenta/Black,Size,W 9 / M 7.5,,,NIKE-PEGASUS-42-WOMENS-ROAD-RUNNING-SHOES-IB1881-602-9-LAVA-GLOW-FLASH-CRIMSON-LIGHT-MAGENTA-BLACK-W-9-M-7-5,28171 Westfield drive,,,,,,,999
nike-pegasus-42-womens-road-running-shoes-ib1881-602,,Color,Lava Glow/Flash Crimson/Light Magenta/Black,Size,W 9.5 / M 8,,,NIKE-PEGASUS-42-WOMENS-ROAD-RUNNING-SHOES-IB1881-602-9-5-LAVA-GLOW-FLASH-CRIMSON-LIGHT-MAGENTA-BLACK-W-9-5-M-8,28171 Westfield drive,,,,,,,999
nike-pegasus-42-womens-road-running-shoes-ib1881-602,,Color,Lava Glow/Flash Crimson/Light Magenta/Black,Size,W 10 / M 8.5,,,NIKE-PEGASUS-42-WOMENS-ROAD-RUNNING-SHOES-IB1881-602-10-LAVA-GLOW-FLASH-CRIMSON-LIGHT-MAGENTA-BLACK-W-10-M-8-5,28171 Westfield drive,,,,,,,999
nike-pegasus-42-womens-road-running-shoes-ib1881-602,,Color,Lava Glow/Flash Crimson/Light Magenta/Black,Size,W 10.5 / M 9,,,NIKE-PEGASUS-42-WOMENS-ROAD-RUNNING-SHOES-IB1881-602-10-5-LAVA-GLOW-FLASH-CRIMSON-LIGHT-MAGENTA-BLACK-W-10-5-M-9,28171 Westfield drive,,,,,,,999
nike-pegasus-42-womens-road-running-shoes-ib1881-602,,Color,Lava Glow/Flash Crimson/Light Magenta/Black,Size,W 11 / M 9.5,,,NIKE-PEGASUS-42-WOMENS-ROAD-RUNNING-SHOES-IB1881-602-11-LAVA-GLOW-FLASH-CRIMSON-LIGHT-MAGENTA-BLACK-W-11-M-9-5,28171 Westfield drive,,,,,,,999
nike-pegasus-42-womens-road-running-shoes-ib1881-602,,Color,Lava Glow/Flash Crimson/Light Magenta/Black,Size,W 11.5 / M 10,,,NIKE-PEGASUS-42-WOMENS-ROAD-RUNNING-SHOES-IB1881-602-11-5-LAVA-GLOW-FLASH-CRIMSON-LIGHT-MAGENTA-BLACK-W-11-5-M-10,28171 Westfield drive,,,,,,,999
nike-pegasus-42-womens-road-running-shoes-ib1881-602,,Color,Lava Glow/Flash Crimson/Light Magenta/Black,Size,W 12 / M 10.5,,,NIKE-PEGASUS-42-WOMENS-ROAD-RUNNING-SHOES-IB1881-602-12-LAVA-GLOW-FLASH-CRIMSON-LIGHT-MAGENTA-BLACK-W-12-M-10-5,28171 Westfield drive,,,,,,,999
nike-pegasus-42-womens-road-running-shoes-ib1881-602,,Color,White/Wolf Grey/Cool Grey/Metallic Silver,Size,W 5 / M 3.5,,,NIKE-PEGASUS-42-WOMENS-ROAD-RUNNING-SHOES-IB1881-602-5-WHITE-WOLF-GREY-COOL-GREY-METALLIC-SILVER-W-5-M-3-5,28171 Westfield drive,,,,,,,999
nike-pegasus-42-womens-road-running-shoes-ib1881-602,,Color,White/Wolf Grey/Cool Grey/Metallic Silver,Size,W 5.5 / M 4,,,NIKE-PEGASUS-42-WOMENS-ROAD-RUNNING-SHOES-IB1881-602-5-5-WHITE-WOLF-GREY-COOL-GREY-METALLIC-SILVER-W-5-5-M-4,28171 Westfield drive,,,,,,,999
nike-pegasus-42-womens-road-running-shoes-ib1881-602,,Color,White/Wolf Grey/Cool Grey/Metallic Silver,Size,W 6 / M 4.5,,,NIKE-PEGASUS-42-WOMENS-ROAD-RUNNING-SHOES-IB1881-602-6-WHITE-WOLF-GREY-COOL-GREY-METALLIC-SILVER-W-6-M-4-5,28171 Westfield drive,,,,,,,999
nike-pegasus-42-womens-road-running-shoes-ib1881-602,,Color,White/Wolf Grey/Cool Grey/Metallic Silver,Size,W 6.5 / M 5,,,NIKE-PEGASUS-42-WOMENS-ROAD-RUNNING-SHOES-IB1881-602-6-5-WHITE-WOLF-GREY-COOL-GREY-METALLIC-SILVER-W-6-5-M-5,28171 Westfield drive,,,,,,,999
nike-pegasus-42-womens-road-running-shoes-ib1881-602,,Color,White/Wolf Grey/Cool Grey/Metallic Silver,Size,W 7 / M 5.5,,,NIKE-PEGASUS-42-WOMENS-ROAD-RUNNING-SHOES-IB1881-602-7-WHITE-WOLF-GREY-COOL-GREY-METALLIC-SILVER-W-7-M-5-5,28171 Westfield drive,,,,,,,999
nike-pegasus-42-womens-road-running-shoes-ib1881-602,,Color,White/Wolf Grey/Cool Grey/Metallic Silver,Size,W 7.5 / M 6,,,NIKE-PEGASUS-42-WOMENS-ROAD-RUNNING-SHOES-IB1881-602-7-5-WHITE-WOLF-GREY-COOL-GREY-METALLIC-SILVER-W-7-5-M-6,28171 Westfield drive,,,,,,,999
nike-pegasus-42-womens-road-running-shoes-ib1881-602,,Color,White/Wolf Grey/Cool Grey/Metallic Silver,Size,W 8 / M 6.5,,,NIKE-PEGASUS-42-WOMENS-ROAD-RUNNING-SHOES-IB1881-602-8-WHITE-WOLF-GREY-COOL-GREY-METALLIC-SILVER-W-8-M-6-5,28171 Westfield drive,,,,,,,999
nike-pegasus-42-womens-road-running-shoes-ib1881-602,,Color,White/Wolf Grey/Cool Grey/Metallic Silver,Size,W 8.5 / M 7,,,NIKE-PEGASUS-42-WOMENS-ROAD-RUNNING-SHOES-IB1881-602-8-5-WHITE-WOLF-GREY-COOL-GREY-METALLIC-SILVER-W-8-5-M-7,28171 Westfield drive,,,,,,,999
nike-pegasus-42-womens-road-running-shoes-ib1881-602,,Color,White/Wolf Grey/Cool Grey/Metallic Silver,Size,W 9 / M 7.5,,,NIKE-PEGASUS-42-WOMENS-ROAD-RUNNING-SHOES-IB1881-602-9-WHITE-WOLF-GREY-COOL-GREY-METALLIC-SILVER-W-9-M-7-5,28171 Westfield drive,,,,,,,999
nike-pegasus-42-womens-road-running-shoes-ib1881-602,,Color,White/Wolf Grey/Cool Grey/Metallic Silver,Size,W 9.5 / M 8,,,NIKE-PEGASUS-42-WOMENS-ROAD-RUNNING-SHOES-IB1881-602-9-5-WHITE-WOLF-GREY-COOL-GREY-METALLIC-SILVER-W-9-5-M-8,28171 Westfield drive,,,,,,,999
nike-pegasus-42-womens-road-running-shoes-ib1881-602,,Color,White/Wolf Grey/Cool Grey/Metallic Silver,Size,W 10 / M 8.5,,,NIKE-PEGASUS-42-WOMENS-ROAD-RUNNING-SHOES-IB1881-602-10-WHITE-WOLF-GREY-COOL-GREY-METALLIC-SILVER-W-10-M-8-5,28171 Westfield drive,,,,,,,999
nike-pegasus-42-womens-road-running-shoes-ib1881-602,,Color,White/Wolf Grey/Cool Grey/Metallic Silver,Size,W 10.5 / M 9,,,NIKE-PEGASUS-42-WOMENS-ROAD-RUNNING-SHOES-IB1881-602-10-5-WHITE-WOLF-GREY-COOL-GREY-METALLIC-SILVER-W-10-5-M-9,28171 Westfield drive,,,,,,,999
nike-pegasus-42-womens-road-running-shoes-ib1881-602,,Color,White/Wolf Grey/Cool Grey/Metallic Silver,Size,W 11 / M 9.5,,,NIKE-PEGASUS-42-WOMENS-ROAD-RUNNING-SHOES-IB1881-602-11-WHITE-WOLF-GREY-COOL-GREY-METALLIC-SILVER-W-11-M-9-5,28171 Westfield drive,,,,,,,999
nike-pegasus-42-womens-road-running-shoes-ib1881-602,,Color,White/Wolf Grey/Cool Grey/Metallic Silver,Size,W 11.5 / M 10,,,NIKE-PEGASUS-42-WOMENS-ROAD-RUNNING-SHOES-IB1881-602-11-5-WHITE-WOLF-GREY-COOL-GREY-METALLIC-SILVER-W-11-5-M-10,28171 Westfield drive,,,,,,,999
nike-pegasus-42-womens-road-running-shoes-ib1881-602,,Color,White/Wolf Grey/Cool Grey/Metallic Silver,Size,W 12 / M 10.5,,,NIKE-PEGASUS-42-WOMENS-ROAD-RUNNING-SHOES-IB1881-602-12-WHITE-WOLF-GREY-COOL-GREY-METALLIC-SILVER-W-12-M-10-5,28171 Westfield drive,,,,,,,999
nike-pegasus-42-womens-road-running-shoes-ib1881-602,,Color,Chalk/Orange Pulse/Bright Violet/Tattoo,Size,W 5 / M 3.5,,,NIKE-PEGASUS-42-WOMENS-ROAD-RUNNING-SHOES-IB1881-602-5-CHALK-ORANGE-PULSE-BRIGHT-VIOLET-TATTOO-W-5-M-3-5,28171 Westfield drive,,,,,,,999
nike-pegasus-42-womens-road-running-shoes-ib1881-602,,Color,Chalk/Orange Pulse/Bright Violet/Tattoo,Size,W 5.5 / M 4,,,NIKE-PEGASUS-42-WOMENS-ROAD-RUNNING-SHOES-IB1881-602-5-5-CHALK-ORANGE-PULSE-BRIGHT-VIOLET-TATTOO-W-5-5-M-4,28171 Westfield drive,,,,,,,999
nike-pegasus-42-womens-road-running-shoes-ib1881-602,,Color,Chalk/Orange Pulse/Bright Violet/Tattoo,Size,W 6 / M 4.5,,,NIKE-PEGASUS-42-WOMENS-ROAD-RUNNING-SHOES-IB1881-602-6-CHALK-ORANGE-PULSE-BRIGHT-VIOLET-TATTOO-W-6-M-4-5,28171 Westfield drive,,,,,,,999
nike-pegasus-42-womens-road-running-shoes-ib1881-602,,Color,Chalk/Orange Pulse/Bright Violet/Tattoo,Size,W 6.5 / M 5,,,NIKE-PEGASUS-42-WOMENS-ROAD-RUNNING-SHOES-IB1881-602-6-5-CHALK-ORANGE-PULSE-BRIGHT-VIOLET-TATTOO-W-6-5-M-5,28171 Westfield drive,,,,,,,999
nike-pegasus-42-womens-road-running-shoes-ib1881-602,,Color,Chalk/Orange Pulse/Bright Violet/Tattoo,Size,W 7 / M 5.5,,,NIKE-PEGASUS-42-WOMENS-ROAD-RUNNING-SHOES-IB1881-602-7-CHALK-ORANGE-PULSE-BRIGHT-VIOLET-TATTOO-W-7-M-5-5,28171 Westfield drive,,,,,,,999
nike-pegasus-42-womens-road-running-shoes-ib1881-602,,Color,Chalk/Orange Pulse/Bright Violet/Tattoo,Size,W 7.5 / M 6,,,NIKE-PEGASUS-42-WOMENS-ROAD-RUNNING-SHOES-IB1881-602-7-5-CHALK-ORANGE-PULSE-BRIGHT-VIOLET-TATTOO-W-7-5-M-6,28171 Westfield drive,,,,,,,999
nike-pegasus-42-womens-road-running-shoes-ib1881-602,,Color,Chalk/Orange Pulse/Bright Violet/Tattoo,Size,W 8 / M 6.5,,,NIKE-PEGASUS-42-WOMENS-ROAD-RUNNING-SHOES-IB1881-602-8-CHALK-ORANGE-PULSE-BRIGHT-VIOLET-TATTOO-W-8-M-6-5,28171 Westfield drive,,,,,,,999
nike-pegasus-42-womens-road-running-shoes-ib1881-602,,Color,Chalk/Orange Pulse/Bright Violet/Tattoo,Size,W 8.5 / M 7,,,NIKE-PEGASUS-42-WOMENS-ROAD-RUNNING-SHOES-IB1881-602-8-5-CHALK-ORANGE-PULSE-BRIGHT-VIOLET-TATTOO-W-8-5-M-7,28171 Westfield drive,,,,,,,999
nike-pegasus-42-womens-road-running-shoes-ib1881-602,,Color,Chalk/Orange Pulse/Bright Violet/Tattoo,Size,W 9 / M 7.5,,,NIKE-PEGASUS-42-WOMENS-ROAD-RUNNING-SHOES-IB1881-602-9-CHALK-ORANGE-PULSE-BRIGHT-VIOLET-TATTOO-W-9-M-7-5,28171 Westfield drive,,,,,,,999
nike-pegasus-42-womens-road-running-shoes-ib1881-602,,Color,Chalk/Orange Pulse/Bright Violet/Tattoo,Size,W 9.5 / M 8,,,NIKE-PEGASUS-42-WOMENS-ROAD-RUNNING-SHOES-IB1881-602-9-5-CHALK-ORANGE-PULSE-BRIGHT-VIOLET-TATTOO-W-9-5-M-8,28171 Westfield drive,,,,,,,999
nike-pegasus-42-womens-road-running-shoes-ib1881-602,,Color,Chalk/Orange Pulse/Bright Violet/Tattoo,Size,W 10 / M 8.5,,,NIKE-PEGASUS-42-WOMENS-ROAD-RUNNING-SHOES-IB1881-602-10-CHALK-ORANGE-PULSE-BRIGHT-VIOLET-TATTOO-W-10-M-8-5,28171 Westfield drive,,,,,,,999
nike-pegasus-42-womens-road-running-shoes-ib1881-602,,Color,Chalk/Orange Pulse/Bright Violet/Tattoo,Size,W 10.5 / M 9,,,NIKE-PEGASUS-42-WOMENS-ROAD-RUNNING-SHOES-IB1881-602-10-5-CHALK-ORANGE-PULSE-BRIGHT-VIOLET-TATTOO-W-10-5-M-9,28171 Westfield drive,,,,,,,999
nike-pegasus-42-womens-road-running-shoes-ib1881-602,,Color,Chalk/Orange Pulse/Bright Violet/Tattoo,Size,W 11 / M 9.5,,,NIKE-PEGASUS-42-WOMENS-ROAD-RUNNING-SHOES-IB1881-602-11-CHALK-ORANGE-PULSE-BRIGHT-VIOLET-TATTOO-W-11-M-9-5,28171 Westfield drive,,,,,,,999
nike-pegasus-42-womens-road-running-shoes-ib1881-602,,Color,Chalk/Orange Pulse/Bright Violet/Tattoo,Size,W 11.5 / M 10,,,NIKE-PEGASUS-42-WOMENS-ROAD-RUNNING-SHOES-IB1881-602-11-5-CHALK-ORANGE-PULSE-BRIGHT-VIOLET-TATTOO-W-11-5-M-10,28171 Westfield drive,,,,,,,999
nike-pegasus-42-womens-road-running-shoes-ib1881-602,,Color,Chalk/Orange Pulse/Bright Violet/Tattoo,Size,W 12 / M 10.5,,,NIKE-PEGASUS-42-WOMENS-ROAD-RUNNING-SHOES-IB1881-602-12-CHALK-ORANGE-PULSE-BRIGHT-VIOLET-TATTOO-W-12-M-10-5,28171 Westfield drive,,,,,,,999
nike-pegasus-42-womens-road-running-shoes-ib1881-602,,Color,Light Bone/Arctic Orange/Chalk/Metallic Silver,Size,W 5 / M 3.5,,,NIKE-PEGASUS-42-WOMENS-ROAD-RUNNING-SHOES-IB1881-602-5-LIGHT-BONE-ARCTIC-ORANGE-CHALK-METALLIC-SILVER-W-5-M-3-5,28171 Westfield drive,,,,,,,999
nike-pegasus-42-womens-road-running-shoes-ib1881-602,,Color,Light Bone/Arctic Orange/Chalk/Metallic Silver,Size,W 5.5 / M 4,,,NIKE-PEGASUS-42-WOMENS-ROAD-RUNNING-SHOES-IB1881-602-5-5-LIGHT-BONE-ARCTIC-ORANGE-CHALK-METALLIC-SILVER-W-5-5-M-4,28171 Westfield drive,,,,,,,999
nike-pegasus-42-womens-road-running-shoes-ib1881-602,,Color,Light Bone/Arctic Orange/Chalk/Metallic Silver,Size,W 6 / M 4.5,,,NIKE-PEGASUS-42-WOMENS-ROAD-RUNNING-SHOES-IB1881-602-6-LIGHT-BONE-ARCTIC-ORANGE-CHALK-METALLIC-SILVER-W-6-M-4-5,28171 Westfield drive,,,,,,,999
nike-pegasus-42-womens-road-running-shoes-ib1881-602,,Color,Light Bone/Arctic Orange/Chalk/Metallic Silver,Size,W 6.5 / M 5,,,NIKE-PEGASUS-42-WOMENS-ROAD-RUNNING-SHOES-IB1881-602-6-5-LIGHT-BONE-ARCTIC-ORANGE-CHALK-METALLIC-SILVER-W-6-5-M-5,28171 Westfield drive,,,,,,,999
nike-pegasus-42-womens-road-running-shoes-ib1881-602,,Color,Light Bone/Arctic Orange/Chalk/Metallic Silver,Size,W 7 / M 5.5,,,NIKE-PEGASUS-42-WOMENS-ROAD-RUNNING-SHOES-IB1881-602-7-LIGHT-BONE-ARCTIC-ORANGE-CHALK-METALLIC-SILVER-W-7-M-5-5,28171 Westfield drive,,,,,,,999
nike-pegasus-42-womens-road-running-shoes-ib1881-602,,Color,Light Bone/Arctic Orange/Chalk/Metallic Silver,Size,W 7.5 / M 6,,,NIKE-PEGASUS-42-WOMENS-ROAD-RUNNING-SHOES-IB1881-602-7-5-LIGHT-BONE-ARCTIC-ORANGE-CHALK-METALLIC-SILVER-W-7-5-M-6,28171 Westfield drive,,,,,,,999
nike-pegasus-42-womens-road-running-shoes-ib1881-602,,Color,Light Bone/Arctic Orange/Chalk/Metallic Silver,Size,W 8 / M 6.5,,,NIKE-PEGASUS-42-WOMENS-ROAD-RUNNING-SHOES-IB1881-602-8-LIGHT-BONE-ARCTIC-ORANGE-CHALK-METALLIC-SILVER-W-8-M-6-5,28171 Westfield drive,,,,,,,999
nike-pegasus-42-womens-road-running-shoes-ib1881-602,,Color,Light Bone/Arctic Orange/Chalk/Metallic Silver,Size,W 8.5 / M 7,,,NIKE-PEGASUS-42-WOMENS-ROAD-RUNNING-SHOES-IB1881-602-8-5-LIGHT-BONE-ARCTIC-ORANGE-CHALK-METALLIC-SILVER-W-8-5-M-7,28171 Westfield drive,,,,,,,999
nike-pegasus-42-womens-road-running-shoes-ib1881-602,,Color,Light Bone/Arctic Orange/Chalk/Metallic Silver,Size,W 9 / M 7.5,,,NIKE-PEGASUS-42-WOMENS-ROAD-RUNNING-SHOES-IB1881-602-9-LIGHT-BONE-ARCTIC-ORANGE-CHALK-METALLIC-SILVER-W-9-M-7-5,28171 Westfield drive,,,,,,,999
nike-pegasus-42-womens-road-running-shoes-ib1881-602,,Color,Light Bone/Arctic Orange/Chalk/Metallic Silver,Size,W 9.5 / M 8,,,NIKE-PEGASUS-42-WOMENS-ROAD-RUNNING-SHOES-IB1881-602-9-5-LIGHT-BONE-ARCTIC-ORANGE-CHALK-METALLIC-SILVER-W-9-5-M-8,28171 Westfield drive,,,,,,,999
nike-pegasus-42-womens-road-running-shoes-ib1881-602,,Color,Light Bone/Arctic Orange/Chalk/Metallic Silver,Size,W 10 / M 8.5,,,NIKE-PEGASUS-42-WOMENS-ROAD-RUNNING-SHOES-IB1881-602-10-LIGHT-BONE-ARCTIC-ORANGE-CHALK-METALLIC-SILVER-W-10-M-8-5,28171 Westfield drive,,,,,,,999
nike-pegasus-42-womens-road-running-shoes-ib1881-602,,Color,Light Bone/Arctic Orange/Chalk/Metallic Silver,Size,W 10.5 / M 9,,,NIKE-PEGASUS-42-WOMENS-ROAD-RUNNING-SHOES-IB1881-602-10-5-LIGHT-BONE-ARCTIC-ORANGE-CHALK-METALLIC-SILVER-W-10-5-M-9,28171 Westfield drive,,,,,,,999
nike-pegasus-42-womens-road-running-shoes-ib1881-602,,Color,Light Bone/Arctic Orange/Chalk/Metallic Silver,Size,W 11 / M 9.5,,,NIKE-PEGASUS-42-WOMENS-ROAD-RUNNING-SHOES-IB1881-602-11-LIGHT-BONE-ARCTIC-ORANGE-CHALK-METALLIC-SILVER-W-11-M-9-5,28171 Westfield drive,,,,,,,999
nike-pegasus-42-womens-road-running-shoes-ib1881-602,,Color,Light Bone/Arctic Orange/Chalk/Metallic Silver,Size,W 11.5 / M 10,,,NIKE-PEGASUS-42-WOMENS-ROAD-RUNNING-SHOES-IB1881-602-11-5-LIGHT-BONE-ARCTIC-ORANGE-CHALK-METALLIC-SILVER-W-11-5-M-10,28171 Westfield drive,,,,,,,999
nike-pegasus-42-womens-road-running-shoes-ib1881-602,,Color,Light Bone/Arctic Orange/Chalk/Metallic Silver,Size,W 12 / M 10.5,,,NIKE-PEGASUS-42-WOMENS-ROAD-RUNNING-SHOES-IB1881-602-12-LIGHT-BONE-ARCTIC-ORANGE-CHALK-METALLIC-SILVER-W-12-M-10-5,28171 Westfield drive,,,,,,,999
nike-pegasus-42-womens-road-running-shoes-ib1881-602,,Color,White/Malachite/Barely Green/Metallic Silver,Size,W 5 / M 3.5,,,NIKE-PEGASUS-42-WOMENS-ROAD-RUNNING-SHOES-IB1881-602-5-WHITE-MALACHITE-BARELY-GREEN-METALLIC-SILVER-W-5-M-3-5,28171 Westfield drive,,,,,,,999
nike-pegasus-42-womens-road-running-shoes-ib1881-602,,Color,White/Malachite/Barely Green/Metallic Silver,Size,W 5.5 / M 4,,,NIKE-PEGASUS-42-WOMENS-ROAD-RUNNING-SHOES-IB1881-602-5-5-WHITE-MALACHITE-BARELY-GREEN-METALLIC-SILVER-W-5-5-M-4,28171 Westfield drive,,,,,,,999
nike-pegasus-42-womens-road-running-shoes-ib1881-602,,Color,White/Malachite/Barely Green/Metallic Silver,Size,W 6 / M 4.5,,,NIKE-PEGASUS-42-WOMENS-ROAD-RUNNING-SHOES-IB1881-602-6-WHITE-MALACHITE-BARELY-GREEN-METALLIC-SILVER-W-6-M-4-5,28171 Westfield drive,,,,,,,999
nike-pegasus-42-womens-road-running-shoes-ib1881-602,,Color,White/Malachite/Barely Green/Metallic Silver,Size,W 6.5 / M 5,,,NIKE-PEGASUS-42-WOMENS-ROAD-RUNNING-SHOES-IB1881-602-6-5-WHITE-MALACHITE-BARELY-GREEN-METALLIC-SILVER-W-6-5-M-5,28171 Westfield drive,,,,,,,999
nike-pegasus-42-womens-road-running-shoes-ib1881-602,,Color,White/Malachite/Barely Green/Metallic Silver,Size,W 7 / M 5.5,,,NIKE-PEGASUS-42-WOMENS-ROAD-RUNNING-SHOES-IB1881-602-7-WHITE-MALACHITE-BARELY-GREEN-METALLIC-SILVER-W-7-M-5-5,28171 Westfield drive,,,,,,,999
nike-pegasus-42-womens-road-running-shoes-ib1881-602,,Color,White/Malachite/Barely Green/Metallic Silver,Size,W 7.5 / M 6,,,NIKE-PEGASUS-42-WOMENS-ROAD-RUNNING-SHOES-IB1881-602-7-5-WHITE-MALACHITE-BARELY-GREEN-METALLIC-SILVER-W-7-5-M-6,28171 Westfield drive,,,,,,,999
nike-pegasus-42-womens-road-running-shoes-ib1881-602,,Color,White/Malachite/Barely Green/Metallic Silver,Size,W 8 / M 6.5,,,NIKE-PEGASUS-42-WOMENS-ROAD-RUNNING-SHOES-IB1881-602-8-WHITE-MALACHITE-BARELY-GREEN-METALLIC-SILVER-W-8-M-6-5,28171 Westfield drive,,,,,,,999
nike-pegasus-42-womens-road-running-shoes-ib1881-602,,Color,White/Malachite/Barely Green/Metallic Silver,Size,W 8.5 / M 7,,,NIKE-PEGASUS-42-WOMENS-ROAD-RUNNING-SHOES-IB1881-602-8-5-WHITE-MALACHITE-BARELY-GREEN-METALLIC-SILVER-W-8-5-M-7,28171 Westfield drive,,,,,,,999
nike-pegasus-42-womens-road-running-shoes-ib1881-602,,Color,White/Malachite/Barely Green/Metallic Silver,Size,W 9 / M 7.5,,,NIKE-PEGASUS-42-WOMENS-ROAD-RUNNING-SHOES-IB1881-602-9-WHITE-MALACHITE-BARELY-GREEN-METALLIC-SILVER-W-9-M-7-5,28171 Westfield drive,,,,,,,999
nike-pegasus-42-womens-road-running-shoes-ib1881-602,,Color,White/Malachite/Barely Green/Metallic Silver,Size,W 9.5 / M 8,,,NIKE-PEGASUS-42-WOMENS-ROAD-RUNNING-SHOES-IB1881-602-9-5-WHITE-MALACHITE-BARELY-GREEN-METALLIC-SILVER-W-9-5-M-8,28171 Westfield drive,,,,,,,999
nike-pegasus-42-womens-road-running-shoes-ib1881-602,,Color,White/Malachite/Barely Green/Metallic Silver,Size,W 10 / M 8.5,,,NIKE-PEGASUS-42-WOMENS-ROAD-RUNNING-SHOES-IB1881-602-10-WHITE-MALACHITE-BARELY-GREEN-METALLIC-SILVER-W-10-M-8-5,28171 Westfield drive,,,,,,,999
nike-pegasus-42-womens-road-running-shoes-ib1881-602,,Color,White/Malachite/Barely Green/Metallic Silver,Size,W 10.5 / M 9,,,NIKE-PEGASUS-42-WOMENS-ROAD-RUNNING-SHOES-IB1881-602-10-5-WHITE-MALACHITE-BARELY-GREEN-METALLIC-SILVER-W-10-5-M-9,28171 Westfield drive,,,,,,,999
nike-pegasus-42-womens-road-running-shoes-ib1881-602,,Color,White/Malachite/Barely Green/Metallic Silver,Size,W 11 / M 9.5,,,NIKE-PEGASUS-42-WOMENS-ROAD-RUNNING-SHOES-IB1881-602-11-WHITE-MALACHITE-BARELY-GREEN-METALLIC-SILVER-W-11-M-9-5,28171 Westfield drive,,,,,,,999
nike-pegasus-42-womens-road-running-shoes-ib1881-602,,Color,White/Malachite/Barely Green/Metallic Silver,Size,W 11.5 / M 10,,,NIKE-PEGASUS-42-WOMENS-ROAD-RUNNING-SHOES-IB1881-602-11-5-WHITE-MALACHITE-BARELY-GREEN-METALLIC-SILVER-W-11-5-M-10,28171 Westfield drive,,,,,,,999
nike-pegasus-42-womens-road-running-shoes-ib1881-602,,Color,White/Malachite/Barely Green/Metallic Silver,Size,W 12 / M 10.5,,,NIKE-PEGASUS-42-WOMENS-ROAD-RUNNING-SHOES-IB1881-602-12-WHITE-MALACHITE-BARELY-GREEN-METALLIC-SILVER-W-12-M-10-5,28171 Westfield drive,,,,,,,999
nike-pegasus-42-womens-road-running-shoes-ib1881-602,,Color,Bleached Lilac/Work Blue/Barely Green/Blue Void,Size,W 5 / M 3.5,,,NIKE-PEGASUS-42-WOMENS-ROAD-RUNNING-SHOES-IB1881-602-5-BLEACHED-LILAC-WORK-BLUE-BARELY-GREEN-BLUE-VOID-W-5-M-3-5,28171 Westfield drive,,,,,,,999
nike-pegasus-42-womens-road-running-shoes-ib1881-602,,Color,Bleached Lilac/Work Blue/Barely Green/Blue Void,Size,W 5.5 / M 4,,,NIKE-PEGASUS-42-WOMENS-ROAD-RUNNING-SHOES-IB1881-602-5-5-BLEACHED-LILAC-WORK-BLUE-BARELY-GREEN-BLUE-VOID-W-5-5-M-4,28171 Westfield drive,,,,,,,999
nike-pegasus-42-womens-road-running-shoes-ib1881-602,,Color,Bleached Lilac/Work Blue/Barely Green/Blue Void,Size,W 6 / M 4.5,,,NIKE-PEGASUS-42-WOMENS-ROAD-RUNNING-SHOES-IB1881-602-6-BLEACHED-LILAC-WORK-BLUE-BARELY-GREEN-BLUE-VOID-W-6-M-4-5,28171 Westfield drive,,,,,,,999
nike-pegasus-42-womens-road-running-shoes-ib1881-602,,Color,Bleached Lilac/Work Blue/Barely Green/Blue Void,Size,W 6.5 / M 5,,,NIKE-PEGASUS-42-WOMENS-ROAD-RUNNING-SHOES-IB1881-602-6-5-BLEACHED-LILAC-WORK-BLUE-BARELY-GREEN-BLUE-VOID-W-6-5-M-5,28171 Westfield drive,,,,,,,999
nike-pegasus-42-womens-road-running-shoes-ib1881-602,,Color,Bleached Lilac/Work Blue/Barely Green/Blue Void,Size,W 7 / M 5.5,,,NIKE-PEGASUS-42-WOMENS-ROAD-RUNNING-SHOES-IB1881-602-7-BLEACHED-LILAC-WORK-BLUE-BARELY-GREEN-BLUE-VOID-W-7-M-5-5,28171 Westfield drive,,,,,,,999
nike-pegasus-42-womens-road-running-shoes-ib1881-602,,Color,Bleached Lilac/Work Blue/Barely Green/Blue Void,Size,W 7.5 / M 6,,,NIKE-PEGASUS-42-WOMENS-ROAD-RUNNING-SHOES-IB1881-602-7-5-BLEACHED-LILAC-WORK-BLUE-BARELY-GREEN-BLUE-VOID-W-7-5-M-6,28171 Westfield drive,,,,,,,999
nike-pegasus-42-womens-road-running-shoes-ib1881-602,,Color,Bleached Lilac/Work Blue/Barely Green/Blue Void,Size,W 8 / M 6.5,,,NIKE-PEGASUS-42-WOMENS-ROAD-RUNNING-SHOES-IB1881-602-8-BLEACHED-LILAC-WORK-BLUE-BARELY-GREEN-BLUE-VOID-W-8-M-6-5,28171 Westfield drive,,,,,,,999
nike-pegasus-42-womens-road-running-shoes-ib1881-602,,Color,Bleached Lilac/Work Blue/Barely Green/Blue Void,Size,W 8.5 / M 7,,,NIKE-PEGASUS-42-WOMENS-ROAD-RUNNING-SHOES-IB1881-602-8-5-BLEACHED-LILAC-WORK-BLUE-BARELY-GREEN-BLUE-VOID-W-8-5-M-7,28171 Westfield drive,,,,,,,999
nike-pegasus-42-womens-road-running-shoes-ib1881-602,,Color,Bleached Lilac/Work Blue/Barely Green/Blue Void,Size,W 9 / M 7.5,,,NIKE-PEGASUS-42-WOMENS-ROAD-RUNNING-SHOES-IB1881-602-9-BLEACHED-LILAC-WORK-BLUE-BARELY-GREEN-BLUE-VOID-W-9-M-7-5,28171 Westfield drive,,,,,,,999
nike-pegasus-42-womens-road-running-shoes-ib1881-602,,Color,Bleached Lilac/Work Blue/Barely Green/Blue Void,Size,W 9.5 / M 8,,,NIKE-PEGASUS-42-WOMENS-ROAD-RUNNING-SHOES-IB1881-602-9-5-BLEACHED-LILAC-WORK-BLUE-BARELY-GREEN-BLUE-VOID-W-9-5-M-8,28171 Westfield drive,,,,,,,999
nike-pegasus-42-womens-road-running-shoes-ib1881-602,,Color,Bleached Lilac/Work Blue/Barely Green/Blue Void,Size,W 10 / M 8.5,,,NIKE-PEGASUS-42-WOMENS-ROAD-RUNNING-SHOES-IB1881-602-10-BLEACHED-LILAC-WORK-BLUE-BARELY-GREEN-BLUE-VOID-W-10-M-8-5,28171 Westfield drive,,,,,,,999
nike-pegasus-42-womens-road-running-shoes-ib1881-602,,Color,Bleached Lilac/Work Blue/Barely Green/Blue Void,Size,W 10.5 / M 9,,,NIKE-PEGASUS-42-WOMENS-ROAD-RUNNING-SHOES-IB1881-602-10-5-BLEACHED-LILAC-WORK-BLUE-BARELY-GREEN-BLUE-VOID-W-10-5-M-9,28171 Westfield drive,,,,,,,999
nike-pegasus-42-womens-road-running-shoes-ib1881-602,,Color,Bleached Lilac/Work Blue/Barely Green/Blue Void,Size,W 11 / M 9.5,,,NIKE-PEGASUS-42-WOMENS-ROAD-RUNNING-SHOES-IB1881-602-11-BLEACHED-LILAC-WORK-BLUE-BARELY-GREEN-BLUE-VOID-W-11-M-9-5,28171 Westfield drive,,,,,,,999
nike-pegasus-42-womens-road-running-shoes-ib1881-602,,Color,Bleached Lilac/Work Blue/Barely Green/Blue Void,Size,W 11.5 / M 10,,,NIKE-PEGASUS-42-WOMENS-ROAD-RUNNING-SHOES-IB1881-602-11-5-BLEACHED-LILAC-WORK-BLUE-BARELY-GREEN-BLUE-VOID-W-11-5-M-10,28171 Westfield drive,,,,,,,999
nike-pegasus-42-womens-road-running-shoes-ib1881-602,,Color,Bleached Lilac/Work Blue/Barely Green/Blue Void,Size,W 12 / M 10.5,,,NIKE-PEGASUS-42-WOMENS-ROAD-RUNNING-SHOES-IB1881-602-12-BLEACHED-LILAC-WORK-BLUE-BARELY-GREEN-BLUE-VOID-W-12-M-10-5,28171 Westfield drive,,,,,,,999
nike-pegasus-42-womens-road-running-shoes-ib1881-602,,Color,Black/Iron Grey/White,Size,W 5 / M 3.5,,,NIKE-PEGASUS-42-WOMENS-ROAD-RUNNING-SHOES-IB1881-602-5-BLACK-IRON-GREY-WHITE-W-5-M-3-5,28171 Westfield drive,,,,,,,999
nike-pegasus-42-womens-road-running-shoes-ib1881-602,,Color,Black/Iron Grey/White,Size,W 5.5 / M 4,,,NIKE-PEGASUS-42-WOMENS-ROAD-RUNNING-SHOES-IB1881-602-5-5-BLACK-IRON-GREY-WHITE-W-5-5-M-4,28171 Westfield drive,,,,,,,999
nike-pegasus-42-womens-road-running-shoes-ib1881-602,,Color,Black/Iron Grey/White,Size,W 6 / M 4.5,,,NIKE-PEGASUS-42-WOMENS-ROAD-RUNNING-SHOES-IB1881-602-6-BLACK-IRON-GREY-WHITE-W-6-M-4-5,28171 Westfield drive,,,,,,,999
nike-pegasus-42-womens-road-running-shoes-ib1881-602,,Color,Black/Iron Grey/White,Size,W 6.5 / M 5,,,NIKE-PEGASUS-42-WOMENS-ROAD-RUNNING-SHOES-IB1881-602-6-5-BLACK-IRON-GREY-WHITE-W-6-5-M-5,28171 Westfield drive,,,,,,,999
nike-pegasus-42-womens-road-running-shoes-ib1881-602,,Color,Black/Iron Grey/White,Size,W 7 / M 5.5,,,NIKE-PEGASUS-42-WOMENS-ROAD-RUNNING-SHOES-IB1881-602-7-BLACK-IRON-GREY-WHITE-W-7-M-5-5,28171 Westfield drive,,,,,,,999
nike-pegasus-42-womens-road-running-shoes-ib1881-602,,Color,Black/Iron Grey/White,Size,W 7.5 / M 6,,,NIKE-PEGASUS-42-WOMENS-ROAD-RUNNING-SHOES-IB1881-602-7-5-BLACK-IRON-GREY-WHITE-W-7-5-M-6,28171 Westfield drive,,,,,,,999
nike-pegasus-42-womens-road-running-shoes-ib1881-602,,Color,Black/Iron Grey/White,Size,W 8 / M 6.5,,,NIKE-PEGASUS-42-WOMENS-ROAD-RUNNING-SHOES-IB1881-602-8-BLACK-IRON-GREY-WHITE-W-8-M-6-5,28171 Westfield drive,,,,,,,999
nike-pegasus-42-womens-road-running-shoes-ib1881-602,,Color,Black/Iron Grey/White,Size,W 8.5 / M 7,,,NIKE-PEGASUS-42-WOMENS-ROAD-RUNNING-SHOES-IB1881-602-8-5-BLACK-IRON-GREY-WHITE-W-8-5-M-7,28171 Westfield drive,,,,,,,999
nike-pegasus-42-womens-road-running-shoes-ib1881-602,,Color,Black/Iron Grey/White,Size,W 9 / M 7.5,,,NIKE-PEGASUS-42-WOMENS-ROAD-RUNNING-SHOES-IB1881-602-9-BLACK-IRON-GREY-WHITE-W-9-M-7-5,28171 Westfield drive,,,,,,,999
nike-pegasus-42-womens-road-running-shoes-ib1881-602,,Color,Black/Iron Grey/White,Size,W 9.5 / M 8,,,NIKE-PEGASUS-42-WOMENS-ROAD-RUNNING-SHOES-IB1881-602-9-5-BLACK-IRON-GREY-WHITE-W-9-5-M-8,28171 Westfield drive,,,,,,,999
nike-pegasus-42-womens-road-running-shoes-ib1881-602,,Color,Black/Iron Grey/White,Size,W 10 / M 8.5,,,NIKE-PEGASUS-42-WOMENS-ROAD-RUNNING-SHOES-IB1881-602-10-BLACK-IRON-GREY-WHITE-W-10-M-8-5,28171 Westfield drive,,,,,,,999
nike-pegasus-42-womens-road-running-shoes-ib1881-602,,Color,Black/Iron Grey/White,Size,W 10.5 / M 9,,,NIKE-PEGASUS-42-WOMENS-ROAD-RUNNING-SHOES-IB1881-602-10-5-BLACK-IRON-GREY-WHITE-W-10-5-M-9,28171 Westfield drive,,,,,,,999
nike-pegasus-42-womens-road-running-shoes-ib1881-602,,Color,Black/Iron Grey/White,Size,W 11 / M 9.5,,,NIKE-PEGASUS-42-WOMENS-ROAD-RUNNING-SHOES-IB1881-602-11-BLACK-IRON-GREY-WHITE-W-11-M-9-5,28171 Westfield drive,,,,,,,999
nike-pegasus-42-womens-road-running-shoes-ib1881-602,,Color,Black/Iron Grey/White,Size,W 11.5 / M 10,,,NIKE-PEGASUS-42-WOMENS-ROAD-RUNNING-SHOES-IB1881-602-11-5-BLACK-IRON-GREY-WHITE-W-11-5-M-10,28171 Westfield drive,,,,,,,999
nike-pegasus-42-womens-road-running-shoes-ib1881-602,,Color,Black/Iron Grey/White,Size,W 12 / M 10.5,,,NIKE-PEGASUS-42-WOMENS-ROAD-RUNNING-SHOES-IB1881-602-12-BLACK-IRON-GREY-WHITE-W-12-M-10-5,28171 Westfield drive,,,,,,,999
nike-pegasus-42-womens-road-running-shoes-ib1881-602,,Color,Pearl Pink/Peony/Team Crimson/Black,Size,W 5 / M 3.5,,,NIKE-PEGASUS-42-WOMENS-ROAD-RUNNING-SHOES-IB1881-602-5-PEARL-PINK-PEONY-TEAM-CRIMSON-BLACK-W-5-M-3-5,28171 Westfield drive,,,,,,,999
nike-pegasus-42-womens-road-running-shoes-ib1881-602,,Color,Pearl Pink/Peony/Team Crimson/Black,Size,W 5.5 / M 4,,,NIKE-PEGASUS-42-WOMENS-ROAD-RUNNING-SHOES-IB1881-602-5-5-PEARL-PINK-PEONY-TEAM-CRIMSON-BLACK-W-5-5-M-4,28171 Westfield drive,,,,,,,999
nike-pegasus-42-womens-road-running-shoes-ib1881-602,,Color,Pearl Pink/Peony/Team Crimson/Black,Size,W 6 / M 4.5,,,NIKE-PEGASUS-42-WOMENS-ROAD-RUNNING-SHOES-IB1881-602-6-PEARL-PINK-PEONY-TEAM-CRIMSON-BLACK-W-6-M-4-5,28171 Westfield drive,,,,,,,999
nike-pegasus-42-womens-road-running-shoes-ib1881-602,,Color,Pearl Pink/Peony/Team Crimson/Black,Size,W 6.5 / M 5,,,NIKE-PEGASUS-42-WOMENS-ROAD-RUNNING-SHOES-IB1881-602-6-5-PEARL-PINK-PEONY-TEAM-CRIMSON-BLACK-W-6-5-M-5,28171 Westfield drive,,,,,,,999
nike-pegasus-42-womens-road-running-shoes-ib1881-602,,Color,Pearl Pink/Peony/Team Crimson/Black,Size,W 7 / M 5.5,,,NIKE-PEGASUS-42-WOMENS-ROAD-RUNNING-SHOES-IB1881-602-7-PEARL-PINK-PEONY-TEAM-CRIMSON-BLACK-W-7-M-5-5,28171 Westfield drive,,,,,,,999
nike-pegasus-42-womens-road-running-shoes-ib1881-602,,Color,Pearl Pink/Peony/Team Crimson/Black,Size,W 7.5 / M 6,,,NIKE-PEGASUS-42-WOMENS-ROAD-RUNNING-SHOES-IB1881-602-7-5-PEARL-PINK-PEONY-TEAM-CRIMSON-BLACK-W-7-5-M-6,28171 Westfield drive,,,,,,,999
nike-pegasus-42-womens-road-running-shoes-ib1881-602,,Color,Pearl Pink/Peony/Team Crimson/Black,Size,W 8 / M 6.5,,,NIKE-PEGASUS-42-WOMENS-ROAD-RUNNING-SHOES-IB1881-602-8-PEARL-PINK-PEONY-TEAM-CRIMSON-BLACK-W-8-M-6-5,28171 Westfield drive,,,,,,,999
nike-pegasus-42-womens-road-running-shoes-ib1881-602,,Color,Pearl Pink/Peony/Team Crimson/Black,Size,W 8.5 / M 7,,,NIKE-PEGASUS-42-WOMENS-ROAD-RUNNING-SHOES-IB1881-602-8-5-PEARL-PINK-PEONY-TEAM-CRIMSON-BLACK-W-8-5-M-7,28171 Westfield drive,,,,,,,999
nike-pegasus-42-womens-road-running-shoes-ib1881-602,,Color,Pearl Pink/Peony/Team Crimson/Black,Size,W 9 / M 7.5,,,NIKE-PEGASUS-42-WOMENS-ROAD-RUNNING-SHOES-IB1881-602-9-PEARL-PINK-PEONY-TEAM-CRIMSON-BLACK-W-9-M-7-5,28171 Westfield drive,,,,,,,999
nike-pegasus-42-womens-road-running-shoes-ib1881-602,,Color,Pearl Pink/Peony/Team Crimson/Black,Size,W 9.5 / M 8,,,NIKE-PEGASUS-42-WOMENS-ROAD-RUNNING-SHOES-IB1881-602-9-5-PEARL-PINK-PEONY-TEAM-CRIMSON-BLACK-W-9-5-M-8,28171 Westfield drive,,,,,,,999
nike-pegasus-42-womens-road-running-shoes-ib1881-602,,Color,Pearl Pink/Peony/Team Crimson/Black,Size,W 10 / M 8.5,,,NIKE-PEGASUS-42-WOMENS-ROAD-RUNNING-SHOES-IB1881-602-10-PEARL-PINK-PEONY-TEAM-CRIMSON-BLACK-W-10-M-8-5,28171 Westfield drive,,,,,,,999
nike-pegasus-42-womens-road-running-shoes-ib1881-602,,Color,Pearl Pink/Peony/Team Crimson/Black,Size,W 10.5 / M 9,,,NIKE-PEGASUS-42-WOMENS-ROAD-RUNNING-SHOES-IB1881-602-10-5-PEARL-PINK-PEONY-TEAM-CRIMSON-BLACK-W-10-5-M-9,28171 Westfield drive,,,,,,,999
nike-pegasus-42-womens-road-running-shoes-ib1881-602,,Color,Pearl Pink/Peony/Team Crimson/Black,Size,W 11 / M 9.5,,,NIKE-PEGASUS-42-WOMENS-ROAD-RUNNING-SHOES-IB1881-602-11-PEARL-PINK-PEONY-TEAM-CRIMSON-BLACK-W-11-M-9-5,28171 Westfield drive,,,,,,,999
nike-pegasus-42-womens-road-running-shoes-ib1881-602,,Color,Pearl Pink/Peony/Team Crimson/Black,Size,W 11.5 / M 10,,,NIKE-PEGASUS-42-WOMENS-ROAD-RUNNING-SHOES-IB1881-602-11-5-PEARL-PINK-PEONY-TEAM-CRIMSON-BLACK-W-11-5-M-10,28171 Westfield drive,,,,,,,999
nike-pegasus-42-womens-road-running-shoes-ib1881-602,,Color,Pearl Pink/Peony/Team Crimson/Black,Size,W 12 / M 10.5,,,NIKE-PEGASUS-42-WOMENS-ROAD-RUNNING-SHOES-IB1881-602-12-PEARL-PINK-PEONY-TEAM-CRIMSON-BLACK-W-12-M-10-5,28171 Westfield drive,,,,,,,999
ferragamo-double-gancini-fixed-belt-780417,Women's Leather Belt,Color,Chestnut / Gold,Size,70,,,FERRAGAMO-DOUBLE-GANCINI-FIXED-BELT-780417-70-CHESTNUT-GOLD-70,28171 Westfield drive,,,,,,,999
ferragamo-double-gancini-fixed-belt-780417,,Color,Chestnut / Gold,Size,75,,,FERRAGAMO-DOUBLE-GANCINI-FIXED-BELT-780417-75-CHESTNUT-GOLD-75,28171 Westfield drive,,,,,,,999
ferragamo-double-gancini-fixed-belt-780417,,Color,Chestnut / Gold,Size,80,,,FERRAGAMO-DOUBLE-GANCINI-FIXED-BELT-780417-80-CHESTNUT-GOLD-80,28171 Westfield drive,,,,,,,999
ferragamo-double-gancini-fixed-belt-780417,,Color,Chestnut / Gold,Size,85,,,FERRAGAMO-DOUBLE-GANCINI-FIXED-BELT-780417-85-CHESTNUT-GOLD-85,28171 Westfield drive,,,,,,,999
ferragamo-double-gancini-fixed-belt-780417,,Color,Chestnut / Gold,Size,90,,,FERRAGAMO-DOUBLE-GANCINI-FIXED-BELT-780417-90-CHESTNUT-GOLD-90,28171 Westfield drive,,,,,,,999
ferragamo-double-gancini-fixed-belt-780417,,Color,Chestnut / Gold,Size,95,,,FERRAGAMO-DOUBLE-GANCINI-FIXED-BELT-780417-95-CHESTNUT-GOLD-95,28171 Westfield drive,,,,,,,999
ferragamo-double-gancini-fixed-belt-780417,,Color,Chestnut / Gold,Size,100,,,FERRAGAMO-DOUBLE-GANCINI-FIXED-BELT-780417-100-CHESTNUT-GOLD-100,28171 Westfield drive,,,,,,,999
ferragamo-double-gancini-fixed-belt-780417,,Color,Beige / Gold,Size,70,,,FERRAGAMO-DOUBLE-GANCINI-FIXED-BELT-780417-70-BEIGE-GOLD-70,28171 Westfield drive,,,,,,,999
ferragamo-double-gancini-fixed-belt-780417,,Color,Beige / Gold,Size,75,,,FERRAGAMO-DOUBLE-GANCINI-FIXED-BELT-780417-75-BEIGE-GOLD-75,28171 Westfield drive,,,,,,,999
ferragamo-double-gancini-fixed-belt-780417,,Color,Beige / Gold,Size,80,,,FERRAGAMO-DOUBLE-GANCINI-FIXED-BELT-780417-80-BEIGE-GOLD-80,28171 Westfield drive,,,,,,,999
ferragamo-double-gancini-fixed-belt-780417,,Color,Beige / Gold,Size,85,,,FERRAGAMO-DOUBLE-GANCINI-FIXED-BELT-780417-85-BEIGE-GOLD-85,28171 Westfield drive,,,,,,,999
ferragamo-double-gancini-fixed-belt-780417,,Color,Beige / Gold,Size,90,,,FERRAGAMO-DOUBLE-GANCINI-FIXED-BELT-780417-90-BEIGE-GOLD-90,28171 Westfield drive,,,,,,,999
ferragamo-double-gancini-fixed-belt-780417,,Color,Beige / Gold,Size,95,,,FERRAGAMO-DOUBLE-GANCINI-FIXED-BELT-780417-95-BEIGE-GOLD-95,28171 Westfield drive,,,,,,,999
ferragamo-double-gancini-fixed-belt-780417,,Color,Beige / Gold,Size,100,,,FERRAGAMO-DOUBLE-GANCINI-FIXED-BELT-780417-100-BEIGE-GOLD-100,28171 Westfield drive,,,,,,,999
ferragamo-double-gancini-fixed-belt-780417,,Color,Black / Gold,Size,70,,,FERRAGAMO-DOUBLE-GANCINI-FIXED-BELT-780417-70-BLACK-GOLD-70,28171 Westfield drive,,,,,,,999
ferragamo-double-gancini-fixed-belt-780417,,Color,Black / Gold,Size,75,,,FERRAGAMO-DOUBLE-GANCINI-FIXED-BELT-780417-75-BLACK-GOLD-75,28171 Westfield drive,,,,,,,999
ferragamo-double-gancini-fixed-belt-780417,,Color,Black / Gold,Size,80,,,FERRAGAMO-DOUBLE-GANCINI-FIXED-BELT-780417-80-BLACK-GOLD-80,28171 Westfield drive,,,,,,,999
ferragamo-double-gancini-fixed-belt-780417,,Color,Black / Gold,Size,85,,,FERRAGAMO-DOUBLE-GANCINI-FIXED-BELT-780417-85-BLACK-GOLD-85,28171 Westfield drive,,,,,,,999
ferragamo-double-gancini-fixed-belt-780417,,Color,Black / Gold,Size,90,,,FERRAGAMO-DOUBLE-GANCINI-FIXED-BELT-780417-90-BLACK-GOLD-90,28171 Westfield drive,,,,,,,999
ferragamo-double-gancini-fixed-belt-780417,,Color,Black / Gold,Size,95,,,FERRAGAMO-DOUBLE-GANCINI-FIXED-BELT-780417-95-BLACK-GOLD-95,28171 Westfield drive,,,,,,,999
ferragamo-double-gancini-fixed-belt-780417,,Color,Black / Gold,Size,100,,,FERRAGAMO-DOUBLE-GANCINI-FIXED-BELT-780417-100-BLACK-GOLD-100,28171 Westfield drive,,,,,,,999
ferragamo-hug-east-west-shoulder-bag-795208,Women's Shoulder Bag,Color,Black / Burgundy,Size,One Size,,,795208-ONE-SIZE-BLACK-BURGUNDY-ONE-SIZE,28171 Westfield drive,,,,,,,999
ferragamo-hug-east-west-shoulder-bag-795208,,Color,Olive Green / Black,Size,One Size,,,795283-ONE-SIZE-OLIVE-GREEN-BLACK-ONE-SIZE,28171 Westfield drive,,,,,,,999
ferragamo-hug-east-west-shoulder-bag-795208,,Color,Cognac Brown / Black,Size,One Size,,,795365-ONE-SIZE-COGNAC-BROWN-BLACK-ONE-SIZE,28171 Westfield drive,,,,,,,999
darkai-prong-pave-18k-gold-silver-bracelet-w-diamonds,Pave Diamond Bracelet,Color,Yellow Gold / Rhodium / White,Size,XS: 16.5cm,,,DFBR0001BGDIL-XS-YELLOW-GOLD-RHODIUM-WHITE-XS-16-5CM,28171 Westfield drive,,,,,,,999
darkai-prong-pave-18k-gold-silver-bracelet-w-diamonds,,Color,Yellow Gold / Rhodium / White,Size,S: 18cm,,,DFBR0001BGDIL-S-YELLOW-GOLD-RHODIUM-WHITE-S-18CM,28171 Westfield drive,,,,,,,999
darkai-prong-pave-18k-gold-silver-bracelet-w-diamonds,,Color,Yellow Gold / Rhodium / White,Size,M: 19.5cm,,,DFBR0001BGDIL-M-YELLOW-GOLD-RHODIUM-WHITE-M-19-5CM,28171 Westfield drive,,,,,,,999
darkai-prong-pave-18k-gold-silver-bracelet-w-diamonds,,Color,Yellow Gold / Rhodium / White,Size,L: 21cm,,,DFBR0001BGDIL-L-YELLOW-GOLD-RHODIUM-WHITE-L-21CM,28171 Westfield drive,,,,,,,999
engelbert-ring-in-diamonds-and-whitegold-absolutely-fat-knot-ring-whitegold-black-diamonds,Diamond Knot Ring,Color,Whitegold / Black,Size,50,,,12-5102-565-50-WHITEGOLD-BLACK-50,28171 Westfield drive,,,,,,,999
engelbert-ring-in-diamonds-and-whitegold-absolutely-fat-knot-ring-whitegold-black-diamonds,,Color,Whitegold / Black,Size,51,,,12-5102-565-51-WHITEGOLD-BLACK-51,28171 Westfield drive,,,,,,,999
engelbert-ring-in-diamonds-and-whitegold-absolutely-fat-knot-ring-whitegold-black-diamonds,,Color,Whitegold / Black,Size,52,,,12-5102-565-52-WHITEGOLD-BLACK-52,28171 Westfield drive,,,,,,,999
engelbert-ring-in-diamonds-and-whitegold-absolutely-fat-knot-ring-whitegold-black-diamonds,,Color,Whitegold / Black,Size,53,,,12-5102-565-53-WHITEGOLD-BLACK-53,28171 Westfield drive,,,,,,,999
engelbert-ring-in-diamonds-and-whitegold-absolutely-fat-knot-ring-whitegold-black-diamonds,,Color,Whitegold / Black,Size,54,,,12-5102-565-54-WHITEGOLD-BLACK-54,28171 Westfield drive,,,,,,,999
engelbert-ring-in-diamonds-and-whitegold-absolutely-fat-knot-ring-whitegold-black-diamonds,,Color,Whitegold / Black,Size,55,,,12-5102-565-55-WHITEGOLD-BLACK-55,28171 Westfield drive,,,,,,,999
engelbert-ring-in-diamonds-and-whitegold-absolutely-fat-knot-ring-whitegold-black-diamonds,,Color,Whitegold / Black,Size,56,,,12-5102-565-56-WHITEGOLD-BLACK-56,28171 Westfield drive,,,,,,,999
engelbert-ring-in-diamonds-and-whitegold-absolutely-fat-knot-ring-whitegold-black-diamonds,,Color,Whitegold / Black,Size,57,,,12-5102-565-57-WHITEGOLD-BLACK-57,28171 Westfield drive,,,,,,,999
engelbert-ring-in-diamonds-and-whitegold-absolutely-fat-knot-ring-whitegold-black-diamonds,,Color,Whitegold / Black,Size,58,,,12-5102-565-58-WHITEGOLD-BLACK-58,28171 Westfield drive,,,,,,,999
engelbert-ring-in-diamonds-and-whitegold-absolutely-fat-knot-ring-whitegold-black-diamonds,,Color,Whitegold / Black,Size,59,,,12-5102-565-59-WHITEGOLD-BLACK-59,28171 Westfield drive,,,,,,,999
georg-jensen-earring-in-gold-plated-daisy-earrings-11-mm-gold-plated,Gold Plated Earrings,Color,Gold / White,Size,One Size,,,3539207-GOLD-WHITE-ONE-SIZE,28171 Westfield drive,,,,,,,999
carre-jewellery-10k-gold-pendant-w-aquamarine-diamond,Gold Pendant Necklace,Color,Gold / Blue / White,Size,One Size,,,TL4487AQDI-8-GOLD-BLUE-WHITE-ONE-SIZE,28171 Westfield drive,,,,,,,999
august-scallop-edge-panama-hat,Women's Panama Hat,Color,Natural / Deep Red,Size,Small,,,5059860057063-NATURAL-DEEP-RED-SMALL,28171 Westfield drive,,,,,,,999
august-scallop-edge-panama-hat,,Color,Natural / Deep Red,Size,Medium,,,5059860057070-NATURAL-DEEP-RED-MEDIUM,28171 Westfield drive,,,,,,,999
august-scallop-edge-panama-hat,,Color,Natural / Deep Red,Size,Large,,,5059860057087-NATURAL-DEEP-RED-LARGE,28171 Westfield drive,,,,,,,999
ff-versace-32661137,Mens Shirt,Color,Purple,Size,XS,,,10194381A16396-XS-PURPLE-XS,28171 Westfield drive,,,,,,,999
ff-versace-32661137,,Color,Purple,Size,S,,,10194381A16396-S-PURPLE-S,28171 Westfield drive,,,,,,,999
ff-versace-32661137,,Color,Purple,Size,M,,,10194381A16396-M-PURPLE-M,28171 Westfield drive,,,,,,,999
ff-versace-32661137,,Color,Purple,Size,L,,,10194381A16396-L-PURPLE-L,28171 Westfield drive,,,,,,,999
ff-versace-32661137,,Color,Purple,Size,XL,,,10194381A16396-XL-PURPLE-XL,28171 Westfield drive,,,,,,,999
ff-versace-32661137,,Color,Purple,Size,XXL,,,10194381A16396-XXL-PURPLE-XXL,28171 Westfield drive,,,,,,,999
ff-versace-32661137,,Color,Purple,Size,XXXL,,,10194381A16396-XXXL-PURPLE-XXXL,28171 Westfield drive,,,,,,,999
ff-versace-32661137,,Color,Purple,Size,4XL,,,10194381A16396-4XL-PURPLE-4XL,28171 Westfield drive,,,,,,,999
ff-versace-32661137,,Color,Purple,Size,5XL,,,10194381A16396-5XL-PURPLE-5XL,28171 Westfield drive,,,,,,,999
db-studio-wg4138,Wedding Dress,Color,Soft White,Size,0,,,WG4138-0-SOFT-WHITE-0,28171 Westfield drive,,,,,,,999
db-studio-wg4138,,Color,Soft White,Size,2,,,WG4138-2-SOFT-WHITE-2,28171 Westfield drive,,,,,,,999
db-studio-wg4138,,Color,Soft White,Size,4,,,WG4138-4-SOFT-WHITE-4,28171 Westfield drive,,,,,,,999
db-studio-wg4138,,Color,Soft White,Size,6,,,WG4138-6-SOFT-WHITE-6,28171 Westfield drive,,,,,,,999
db-studio-wg4138,,Color,Soft White,Size,8,,,WG4138-8-SOFT-WHITE-8,28171 Westfield drive,,,,,,,999
db-studio-wg4138,,Color,Soft White,Size,10,,,WG4138-10-SOFT-WHITE-10,28171 Westfield drive,,,,,,,999
db-studio-wg4138,,Color,Soft White,Size,12,,,WG4138-12-SOFT-WHITE-12,28171 Westfield drive,,,,,,,999
db-studio-wg4138,,Color,Soft White,Size,14,,,WG4138-14-SOFT-WHITE-14,28171 Westfield drive,,,,,,,999
ff-versace-33943720,Mens Shirt,Color,Neutrals,Size,XS,,,10246421A17953-XS-NEUTRALS-XS,28171 Westfield drive,,,,,,,999
ff-versace-33943720,,Color,Neutrals,Size,S,,,10246421A17953-S-NEUTRALS-S,28171 Westfield drive,,,,,,,999
ff-versace-33943720,,Color,Neutrals,Size,M,,,10246421A17953-M-NEUTRALS-M,28171 Westfield drive,,,,,,,999
ff-versace-33943720,,Color,Neutrals,Size,L,,,10246421A17953-L-NEUTRALS-L,28171 Westfield drive,,,,,,,999
ff-versace-33943720,,Color,Neutrals,Size,XL,,,10246421A17953-XL-NEUTRALS-XL,28171 Westfield drive,,,,,,,999
ff-versace-33943720,,Color,Neutrals,Size,XXL,,,10246421A17953-XXL-NEUTRALS-XXL,28171 Westfield drive,,,,,,,999
ff-versace-33943720,,Color,Neutrals,Size,XXXL,,,10246421A17953-XXXL-NEUTRALS-XXXL,28171 Westfield drive,,,,,,,999
ff-versace-33943720,,Color,Neutrals,Size,4XL,,,10246421A17953-4XL-NEUTRALS-4XL,28171 Westfield drive,,,,,,,999
ff-cala-de-la-cruz-33495422,Womens Dress,Color,Orange,Size,XS,,,25C276-XS-ORANGE-XS,28171 Westfield drive,,,,,,,999
ff-cala-de-la-cruz-33495422,,Color,Orange,Size,S,,,25C276-S-ORANGE-S,28171 Westfield drive,,,,,,,999
ff-cala-de-la-cruz-33495422,,Color,Orange,Size,M,,,25C276-M-ORANGE-M,28171 Westfield drive,,,,,,,999
ff-cala-de-la-cruz-33495422,,Color,Orange,Size,L,,,25C276-L-ORANGE-L,28171 Westfield drive,,,,,,,999
ff-maniere-de-voir-30919320,Mens Trousers,Color,Cream,Size,XXS,,,MAN3095-XXS-CREAM-XXS,28171 Westfield drive,,,,,,,999
ff-maniere-de-voir-30919320,,Color,Cream,Size,XS,,,MAN3095-XS-CREAM-XS,28171 Westfield drive,,,,,,,999
ff-maniere-de-voir-30919320,,Color,Cream,Size,S,,,MAN3095-S-CREAM-S,28171 Westfield drive,,,,,,,999
ff-maniere-de-voir-30919320,,Color,Cream,Size,M,,,MAN3095-M-CREAM-M,28171 Westfield drive,,,,,,,999
ff-maniere-de-voir-30919320,,Color,Cream,Size,L,,,MAN3095-L-CREAM-L,28171 Westfield drive,,,,,,,999
ff-maniere-de-voir-30919320,,Color,Cream,Size,XL,,,MAN3095-XL-CREAM-XL,28171 Westfield drive,,,,,,,999
ff-maniere-de-voir-30919320,,Color,Cream,Size,XXL,,,MAN3095-XXL-CREAM-XXL,28171 Westfield drive,,,,,,,999
ff-solace-london-30455459,Off-shoulder Dress,Color,Black,Size,XXS,,,OS44006-XXS-BLACK-XXS,28171 Westfield drive,,,,,,,999
ff-solace-london-30455459,,Color,Black,Size,XS,,,OS44006-XS-BLACK-XS,28171 Westfield drive,,,,,,,999
ff-solace-london-30455459,,Color,Black,Size,S,,,OS44006-S-BLACK-S,28171 Westfield drive,,,,,,,999
ff-solace-london-30455459,,Color,Black,Size,M,,,OS44006-M-BLACK-M,28171 Westfield drive,,,,,,,999
ff-solace-london-30455459,,Color,Black,Size,L,,,OS44006-L-BLACK-L,28171 Westfield drive,,,,,,,999
ff-solace-london-30455459,,Color,Black,Size,XL,,,OS44006-XL-BLACK-XL,28171 Westfield drive,,,,,,,999
ff-dolce-gabbana-32466778,Mens Swim Shorts,Color,Blue,Size,46,,,FF-DOLCE-GABBANA-32466778-BLUE-46-1,28171 Westfield drive,,,,,,,999
ff-dolce-gabbana-32466778,,Color,Blue,Size,48,,,FF-DOLCE-GABBANA-32466778-BLUE-48-2,28171 Westfield drive,,,,,,,999
ff-dolce-gabbana-32466778,,Color,Blue,Size,50,,,FF-DOLCE-GABBANA-32466778-BLUE-50-3,28171 Westfield drive,,,,,,,999
ff-dolce-gabbana-32466778,,Color,Blue,Size,52,,,FF-DOLCE-GABBANA-32466778-BLUE-52-4,28171 Westfield drive,,,,,,,999
ff-dolce-gabbana-32466778,,Color,Blue,Size,54,,,FF-DOLCE-GABBANA-32466778-BLUE-54-5,28171 Westfield drive,,,,,,,999
ff-lygia-nanny-30276765,Womens Swimsuit,Color,Black & White,Size,S,,,FF-LYGIA-NANNY-30276765-BLACK-AND-WHITE-S-1,28171 Westfield drive,,,,,,,999
ff-lygia-nanny-30276765,,Color,Black & White,Size,M,,,FF-LYGIA-NANNY-30276765-BLACK-AND-WHITE-M-2,28171 Westfield drive,,,,,,,999
ff-giorgio-armani-28457510,Mens T-Shirt,Color,Navy Blue,Size,46,,,28457510-3-NAVY-BLUE-46,28171 Westfield drive,,,,,,,999
ff-giorgio-armani-28457510,,Color,Navy Blue,Size,48,,,28457510-4-NAVY-BLUE-48,28171 Westfield drive,,,,,,,999
ff-giorgio-armani-28457510,,Color,Navy Blue,Size,50,,,28457510-5-NAVY-BLUE-50,28171 Westfield drive,,,,,,,999
ff-giorgio-armani-28457510,,Color,Navy Blue,Size,52,,,28457510-6-NAVY-BLUE-52,28171 Westfield drive,,,,,,,999
ff-giorgio-armani-28457510,,Color,Navy Blue,Size,56,,,28457510-8-NAVY-BLUE-56,28171 Westfield drive,,,,,,,999
mw-tmw-3by1-10,Mens Tuxedo,Color,Formal Black,Size,36 Short,,,MW-TMW-3BY1-10-FORMAL-BLACK-36-SHORT-1,28171 Westfield drive,,,,,,,999
mw-tmw-3by1-10,,Color,Formal Black,Size,36 Regular,,,MW-TMW-3BY1-10-FORMAL-BLACK-36-REGULAR-2,28171 Westfield drive,,,,,,,999
mw-tmw-3by1-10,,Color,Formal Black,Size,38 Short,,,MW-TMW-3BY1-10-FORMAL-BLACK-38-SHORT-3,28171 Westfield drive,,,,,,,999
mw-tmw-3by1-10,,Color,Formal Black,Size,38 Regular,,,MW-TMW-3BY1-10-FORMAL-BLACK-38-REGULAR-4,28171 Westfield drive,,,,,,,999
mw-tmw-3by1-10,,Color,Formal Black,Size,38 Long,,,MW-TMW-3BY1-10-FORMAL-BLACK-38-LONG-5,28171 Westfield drive,,,,,,,999
mw-tmw-3by1-10,,Color,Formal Black,Size,39 Short,,,MW-TMW-3BY1-10-FORMAL-BLACK-39-SHORT-6,28171 Westfield drive,,,,,,,999
mw-tmw-3by1-10,,Color,Formal Black,Size,39 Regular,,,MW-TMW-3BY1-10-FORMAL-BLACK-39-REGULAR-7,28171 Westfield drive,,,,,,,999
mw-tmw-3by1-10,,Color,Formal Black,Size,39 Long,,,MW-TMW-3BY1-10-FORMAL-BLACK-39-LONG-8,28171 Westfield drive,,,,,,,999
mw-tmw-3by1-10,,Color,Formal Black,Size,40 Short,,,MW-TMW-3BY1-10-FORMAL-BLACK-40-SHORT-9,28171 Westfield drive,,,,,,,999
mw-tmw-3by1-10,,Color,Formal Black,Size,40 Regular,,,MW-TMW-3BY1-10-FORMAL-BLACK-40-REGULAR-10,28171 Westfield drive,,,,,,,999
mw-tmw-3by1-10,,Color,Formal Black,Size,40 Long,,,MW-TMW-3BY1-10-FORMAL-BLACK-40-LONG-11,28171 Westfield drive,,,,,,,999
mw-tmw-3by1-10,,Color,Formal Black,Size,41 Short,,,MW-TMW-3BY1-10-FORMAL-BLACK-41-SHORT-12,28171 Westfield drive,,,,,,,999
mw-tmw-3by1-10,,Color,Formal Black,Size,41 Regular,,,MW-TMW-3BY1-10-FORMAL-BLACK-41-REGULAR-13,28171 Westfield drive,,,,,,,999
mw-tmw-3by1-10,,Color,Formal Black,Size,41 Long,,,MW-TMW-3BY1-10-FORMAL-BLACK-41-LONG-14,28171 Westfield drive,,,,,,,999
mw-tmw-3by1-10,,Color,Formal Black,Size,42 Short,,,MW-TMW-3BY1-10-FORMAL-BLACK-42-SHORT-15,28171 Westfield drive,,,,,,,999
mw-tmw-3by1-10,,Color,Formal Black,Size,42 Regular,,,MW-TMW-3BY1-10-FORMAL-BLACK-42-REGULAR-16,28171 Westfield drive,,,,,,,999
mw-tmw-3by1-10,,Color,Formal Black,Size,42 Long,,,MW-TMW-3BY1-10-FORMAL-BLACK-42-LONG-17,28171 Westfield drive,,,,,,,999
mw-tmw-3by1-10,,Color,Formal Black,Size,43 Regular,,,MW-TMW-3BY1-10-FORMAL-BLACK-43-REGULAR-18,28171 Westfield drive,,,,,,,999
mw-tmw-3by1-10,,Color,Formal Black,Size,43 Long,,,MW-TMW-3BY1-10-FORMAL-BLACK-43-LONG-19,28171 Westfield drive,,,,,,,999
mw-tmw-3by1-10,,Color,Formal Black,Size,44 Short,,,MW-TMW-3BY1-10-FORMAL-BLACK-44-SHORT-20,28171 Westfield drive,,,,,,,999
mw-tmw-3by1-10,,Color,Formal Black,Size,44 Regular,,,MW-TMW-3BY1-10-FORMAL-BLACK-44-REGULAR-21,28171 Westfield drive,,,,,,,999
mw-tmw-3by1-10,,Color,Formal Black,Size,44 Long,,,MW-TMW-3BY1-10-FORMAL-BLACK-44-LONG-22,28171 Westfield drive,,,,,,,999
mw-tmw-3by1-10,,Color,Formal Black,Size,46 Regular,,,MW-TMW-3BY1-10-FORMAL-BLACK-46-REGULAR-23,28171 Westfield drive,,,,,,,999
mw-tmw-3by1-10,,Color,Formal Black,Size,46 Long,,,MW-TMW-3BY1-10-FORMAL-BLACK-46-LONG-24,28171 Westfield drive,,,,,,,999
mw-tmw-3by1-10,,Color,Formal Black,Size,48 Regular,,,MW-TMW-3BY1-10-FORMAL-BLACK-48-REGULAR-25,28171 Westfield drive,,,,,,,999
mw-tmw-3by1-10,,Color,Formal Black,Size,48 Long,,,MW-TMW-3BY1-10-FORMAL-BLACK-48-LONG-26,28171 Westfield drive,,,,,,,999
mw-tmw-3by1-10,,Color,Formal Black,Size,50 Regular,,,MW-TMW-3BY1-10-FORMAL-BLACK-50-REGULAR-27,28171 Westfield drive,,,,,,,999
mw-tmw-3by1-10,,Color,Formal Black,Size,50 Long,,,MW-TMW-3BY1-10-FORMAL-BLACK-50-LONG-28,28171 Westfield drive,,,,,,,999
mw-tmw-3by1-10,,Color,Formal Black,Size,52 Regular,,,MW-TMW-3BY1-10-FORMAL-BLACK-52-REGULAR-29,28171 Westfield drive,,,,,,,999
mw-tmw-3by1-10,,Color,Formal Black,Size,54 Regular,,,MW-TMW-3BY1-10-FORMAL-BLACK-54-REGULAR-30,28171 Westfield drive,,,,,,,999
mw-tmw-3by1-10,,Color,Formal Black,Size,56 Regular,,,MW-TMW-3BY1-10-FORMAL-BLACK-56-REGULAR-31,28171 Westfield drive,,,,,,,999
mw-tmw-3by1-10,,Color,Formal Black,Size,58 Regular,,,MW-TMW-3BY1-10-FORMAL-BLACK-58-REGULAR-32,28171 Westfield drive,,,,,,,999
mw-tmw-3by1-10,,Color,Navy Solid,Size,36 Short,,,MW-TMW-3BY1-10-NAVY-SOLID-36-SHORT-1,28171 Westfield drive,,,,,,,999
mw-tmw-3by1-10,,Color,Navy Solid,Size,36 Regular,,,MW-TMW-3BY1-10-NAVY-SOLID-36-REGULAR-2,28171 Westfield drive,,,,,,,999
mw-tmw-3by1-10,,Color,Navy Solid,Size,38 Short,,,MW-TMW-3BY1-10-NAVY-SOLID-38-SHORT-3,28171 Westfield drive,,,,,,,999
mw-tmw-3by1-10,,Color,Navy Solid,Size,38 Regular,,,MW-TMW-3BY1-10-NAVY-SOLID-38-REGULAR-4,28171 Westfield drive,,,,,,,999
mw-tmw-3by1-10,,Color,Navy Solid,Size,38 Long,,,MW-TMW-3BY1-10-NAVY-SOLID-38-LONG-5,28171 Westfield drive,,,,,,,999
mw-tmw-3by1-10,,Color,Navy Solid,Size,40 Short,,,MW-TMW-3BY1-10-NAVY-SOLID-40-SHORT-6,28171 Westfield drive,,,,,,,999
mw-tmw-3by1-10,,Color,Navy Solid,Size,40 Regular,,,MW-TMW-3BY1-10-NAVY-SOLID-40-REGULAR-7,28171 Westfield drive,,,,,,,999
mw-tmw-3by1-10,,Color,Navy Solid,Size,40 Long,,,MW-TMW-3BY1-10-NAVY-SOLID-40-LONG-8,28171 Westfield drive,,,,,,,999
mw-tmw-3by1-10,,Color,Navy Solid,Size,42 Short,,,MW-TMW-3BY1-10-NAVY-SOLID-42-SHORT-9,28171 Westfield drive,,,,,,,999
mw-tmw-3by1-10,,Color,Navy Solid,Size,42 Regular,,,MW-TMW-3BY1-10-NAVY-SOLID-42-REGULAR-10,28171 Westfield drive,,,,,,,999
mw-tmw-3by1-10,,Color,Navy Solid,Size,42 Long,,,MW-TMW-3BY1-10-NAVY-SOLID-42-LONG-11,28171 Westfield drive,,,,,,,999
mw-tmw-3by1-10,,Color,Navy Solid,Size,44 Short,,,MW-TMW-3BY1-10-NAVY-SOLID-44-SHORT-12,28171 Westfield drive,,,,,,,999
mw-tmw-3by1-10,,Color,Navy Solid,Size,44 Regular,,,MW-TMW-3BY1-10-NAVY-SOLID-44-REGULAR-13,28171 Westfield drive,,,,,,,999
mw-tmw-3by1-10,,Color,Navy Solid,Size,44 Long,,,MW-TMW-3BY1-10-NAVY-SOLID-44-LONG-14,28171 Westfield drive,,,,,,,999
mw-tmw-3by1-10,,Color,Navy Solid,Size,46 Regular,,,MW-TMW-3BY1-10-NAVY-SOLID-46-REGULAR-15,28171 Westfield drive,,,,,,,999
mw-tmw-3by1-10,,Color,Navy Solid,Size,46 Long,,,MW-TMW-3BY1-10-NAVY-SOLID-46-LONG-16,28171 Westfield drive,,,,,,,999
mw-tmw-3by1-10,,Color,Navy Solid,Size,48 Regular,,,MW-TMW-3BY1-10-NAVY-SOLID-48-REGULAR-17,28171 Westfield drive,,,,,,,999
mw-tmw-3by1-10,,Color,Navy Solid,Size,48 Long,,,MW-TMW-3BY1-10-NAVY-SOLID-48-LONG-18,28171 Westfield drive,,,,,,,999
mw-tmw-3by1-10,,Color,Navy Solid,Size,50 Regular,,,MW-TMW-3BY1-10-NAVY-SOLID-50-REGULAR-19,28171 Westfield drive,,,,,,,999
mw-tmw-3by1-10,,Color,Navy Solid,Size,52 Regular,,,MW-TMW-3BY1-10-NAVY-SOLID-52-REGULAR-20,28171 Westfield drive,,,,,,,999
mango-hailey-bieber-frill-denim-shorts,Cotton Frill Detail Denim Shorts,Color,Mid Blue,Size,XS,,,MANGO-HAILEY-BIEBER-FRILL-DENIM-SHORTS-MID-BLUE-XS-1,28171 Westfield drive,,,,,,,999
mango-hailey-bieber-frill-denim-shorts,,Color,Mid Blue,Size,S,,,MANGO-HAILEY-BIEBER-FRILL-DENIM-SHORTS-MID-BLUE-S-2,28171 Westfield drive,,,,,,,999
mango-hailey-bieber-frill-denim-shorts,,Color,Mid Blue,Size,M,,,MANGO-HAILEY-BIEBER-FRILL-DENIM-SHORTS-MID-BLUE-M-3,28171 Westfield drive,,,,,,,999
mango-hailey-bieber-frill-denim-shorts,,Color,Mid Blue,Size,L,,,MANGO-HAILEY-BIEBER-FRILL-DENIM-SHORTS-MID-BLUE-L-4,28171 Westfield drive,,,,,,,999
